List,Display_Title,Grain,Column,Type,Required,Indexed,Choices,Column_Note,List_Note
MF_Installation,MF Installation,One row per installation,Installation_ID,Text,Y,Y,,Canonical key. Must match the COP MF_Installation.Installation_ID.,
MF_Installation,MF Installation,One row per installation,Installation_Name,Text,Y,N,,,
MF_Installation,MF Installation,One row per installation,Portfolio_ID,Text,Y,Y,,,
MF_Installation,MF Installation,One row per installation,MAJCOM,Text,N,N,,,
MF_Installation,MF Installation,One row per installation,EOM_Folder_URL,URL,N,N,,Teams/SharePoint FY folder root for this installation,
MF_Installation,MF Installation,One row per installation,Active_Flag,Boolean,Y,N,,,
MF_Facility,MF Facility,One row per feeding facility,Facility_ID,Text,Y,Y,,"Unique enterprise-wide, not per installation","Operating_Model is HERE, not on the installation. Lackland can run a legacy DFAC and a Food 2.0 cafe simultaneously; the requirement set is driven by the facility's model."
MF_Facility,MF Facility,One row per feeding facility,Installation_ID,Text,Y,Y,,,"Operating_Model is HERE, not on the installation. Lackland can run a legacy DFAC and a Food 2.0 cafe simultaneously; the requirement set is driven by the facility's model."
MF_Facility,MF Facility,One row per feeding facility,Facility_Name,Text,Y,N,,,"Operating_Model is HERE, not on the installation. Lackland can run a legacy DFAC and a Food 2.0 cafe simultaneously; the requirement set is driven by the facility's model."
MF_Facility,MF Facility,One row per feeding facility,Facility_Type,Choice,Y,N,Main DFAC; Flight Kitchen; Kiosk; Satellite; MAF; Contract Cafe,,"Operating_Model is HERE, not on the installation. Lackland can run a legacy DFAC and a Food 2.0 cafe simultaneously; the requirement set is driven by the facility's model."
MF_Facility,MF Facility,One row per feeding facility,Operating_Model,Choice,Y,N,Legacy/APF; Food 2.0; MAFFO/MAF; AOR/CDS,Drives which requirements apply to THIS facility,"Operating_Model is HERE, not on the installation. Lackland can run a legacy DFAC and a Food 2.0 cafe simultaneously; the requirement set is driven by the facility's model."
MF_Facility,MF Facility,One row per feeding facility,Contract_ID,Text,N,N,,Nullable. Set for contract-scope requirements.,"Operating_Model is HERE, not on the installation. Lackland can run a legacy DFAC and a Food 2.0 cafe simultaneously; the requirement set is driven by the facility's model."
MF_Facility,MF Facility,One row per feeding facility,Active_Flag,Boolean,Y,N,,,"Operating_Model is HERE, not on the installation. Lackland can run a legacy DFAC and a Food 2.0 cafe simultaneously; the requirement set is driven by the facility's model."
MF_EOM_Requirement,MF EOM Requirement,One row per document requirement per operating model,Requirement_ID,Text,Y,Y,,,"THE requirement engine. The app queries this; it contains no 'if Legacy then require 1119' logic. Changing a requirement next year is a list edit, not an app rebuild. The drop boxes on the installation screen ARE this list, filtered."
MF_EOM_Requirement,MF EOM Requirement,One row per document requirement per operating model,Document_Code,Text,Y,N,,"1119, 1119-1, SIK, SF1080, DAF79, 1038, SAIIT","THE requirement engine. The app queries this; it contains no 'if Legacy then require 1119' logic. Changing a requirement next year is a list edit, not an app rebuild. The drop boxes on the installation screen ARE this list, filtered."
MF_EOM_Requirement,MF EOM Requirement,One row per document requirement per operating model,Document_Name,Text,Y,N,,,"THE requirement engine. The app queries this; it contains no 'if Legacy then require 1119' logic. Changing a requirement next year is a list edit, not an app rebuild. The drop boxes on the installation screen ARE this list, filtered."
MF_EOM_Requirement,MF EOM Requirement,One row per document requirement per operating model,Applicable_Model,Choice,Y,N,Legacy/APF; Food 2.0; MAFFO/MAF; AOR/CDS; All,'All' applies regardless of facility model,"THE requirement engine. The app queries this; it contains no 'if Legacy then require 1119' logic. Changing a requirement next year is a list edit, not an app rebuild. The drop boxes on the installation screen ARE this list, filtered."
MF_EOM_Requirement,MF EOM Requirement,One row per document requirement per operating model,Requirement_Scope,Choice,Y,N,Facility; Installation; Contract,"Determines the grain of the generated EOM_Item. Portfolio reserved, not implemented.","THE requirement engine. The app queries this; it contains no 'if Legacy then require 1119' logic. Changing a requirement next year is a list edit, not an app rebuild. The drop boxes on the installation screen ARE this list, filtered."
MF_EOM_Requirement,MF EOM Requirement,One row per document requirement per operating model,Applicable_Facility_Types,Text,N,N,,Semicolon list. Blank = all types. Kiosks rarely file a 1119.,"THE requirement engine. The app queries this; it contains no 'if Legacy then require 1119' logic. Changing a requirement next year is a list edit, not an app rebuild. The drop boxes on the installation screen ARE this list, filtered."
MF_EOM_Requirement,MF EOM Requirement,One row per document requirement per operating model,Frequency,Choice,Y,N,Monthly; Quarterly; Semiannual; Annual; Conditional,,"THE requirement engine. The app queries this; it contains no 'if Legacy then require 1119' logic. Changing a requirement next year is a list edit, not an app rebuild. The drop boxes on the installation screen ARE this list, filtered."
MF_EOM_Requirement,MF EOM Requirement,One row per document requirement per operating model,Required_Flag,Boolean,Y,N,,,"THE requirement engine. The app queries this; it contains no 'if Legacy then require 1119' logic. Changing a requirement next year is a list edit, not an app rebuild. The drop boxes on the installation screen ARE this list, filtered."
MF_EOM_Requirement,MF EOM Requirement,One row per document requirement per operating model,Due_Day,Number,N,N,,Day of the month following the reporting period. Configurable — changing 10 to 15 never touches the app.,"THE requirement engine. The app queries this; it contains no 'if Legacy then require 1119' logic. Changing a requirement next year is a list edit, not an app rebuild. The drop boxes on the installation screen ARE this list, filtered."
MF_EOM_Requirement,MF EOM Requirement,One row per document requirement per operating model,Due_Offset_Months,Number,N,N,,Usually 1. Set higher for lagging requirements.,"THE requirement engine. The app queries this; it contains no 'if Legacy then require 1119' logic. Changing a requirement next year is a list edit, not an app rebuild. The drop boxes on the installation screen ARE this list, filtered."
MF_EOM_Requirement,MF EOM Requirement,One row per document requirement per operating model,QC_Required,Boolean,Y,N,,,"THE requirement engine. The app queries this; it contains no 'if Legacy then require 1119' logic. Changing a requirement next year is a list edit, not an app rebuild. The drop boxes on the installation screen ARE this list, filtered."
MF_EOM_Requirement,MF EOM Requirement,One row per document requirement per operating model,Accepted_File_Types,Text,N,N,,Advisory only in MVP. xlsx;pdf,"THE requirement engine. The app queries this; it contains no 'if Legacy then require 1119' logic. Changing a requirement next year is a list edit, not an app rebuild. The drop boxes on the installation screen ARE this list, filtered."
MF_EOM_Requirement,MF EOM Requirement,One row per document requirement per operating model,Authority_Reference,Text,N,N,,UNVERIFIED means do not enforce. The app still shows the box; the requirement is inactive until validated.,"THE requirement engine. The app queries this; it contains no 'if Legacy then require 1119' logic. Changing a requirement next year is a list edit, not an app rebuild. The drop boxes on the installation screen ARE this list, filtered."
MF_EOM_Requirement,MF EOM Requirement,One row per document requirement per operating model,Authority_Status,Choice,Y,N,Verified; UNVERIFIED; Management decision,UNVERIFIED requirements generate items but never drive Red,"THE requirement engine. The app queries this; it contains no 'if Legacy then require 1119' logic. Changing a requirement next year is a list edit, not an app rebuild. The drop boxes on the installation screen ARE this list, filtered."
MF_EOM_Requirement,MF EOM Requirement,One row per document requirement per operating model,Sort_Order,Number,N,N,,,"THE requirement engine. The app queries this; it contains no 'if Legacy then require 1119' logic. Changing a requirement next year is a list edit, not an app rebuild. The drop boxes on the installation screen ARE this list, filtered."
MF_EOM_Requirement,MF EOM Requirement,One row per document requirement per operating model,Active_Flag,Boolean,Y,N,,,"THE requirement engine. The app queries this; it contains no 'if Legacy then require 1119' logic. Changing a requirement next year is a list edit, not an app rebuild. The drop boxes on the installation screen ARE this list, filtered."
MF_EOM_Item,MF EOM Item,One PERSISTENT row per expected submission per reporting period,EOM_Item_ID,Text,Y,Y,,,Generated by flow EOM-01. This row is created once and never duplicated. Corrections attach as new MF_EOM_Submission versions pointing at the same item. Facility_ID is NULL for Installation and Contract scope.
MF_EOM_Item,MF EOM Item,One PERSISTENT row per expected submission per reporting period,EOM_Item_Key,Text,Y,Y,,Human-readable compound key: LACKLAND|BLDG1234|2026-10|1119. Drives duplicate prevention and flow idempotency.,Generated by flow EOM-01. This row is created once and never duplicated. Corrections attach as new MF_EOM_Submission versions pointing at the same item. Facility_ID is NULL for Installation and Contract scope.
MF_EOM_Item,MF EOM Item,One PERSISTENT row per expected submission per reporting period,Portfolio_ID,Text,Y,Y,,"Denormalized. The portfolio filter is the first server-side filter on every query, so it must be on the row.",Generated by flow EOM-01. This row is created once and never duplicated. Corrections attach as new MF_EOM_Submission versions pointing at the same item. Facility_ID is NULL for Installation and Contract scope.
MF_EOM_Item,MF EOM Item,One PERSISTENT row per expected submission per reporting period,Installation_ID,Text,Y,Y,,,Generated by flow EOM-01. This row is created once and never duplicated. Corrections attach as new MF_EOM_Submission versions pointing at the same item. Facility_ID is NULL for Installation and Contract scope.
MF_EOM_Item,MF EOM Item,One PERSISTENT row per expected submission per reporting period,Facility_ID,Text,N,Y,,NULLABLE. Null for Installation-scope and Contract-scope rows.,Generated by flow EOM-01. This row is created once and never duplicated. Corrections attach as new MF_EOM_Submission versions pointing at the same item. Facility_ID is NULL for Installation and Contract scope.
MF_EOM_Item,MF EOM Item,One PERSISTENT row per expected submission per reporting period,Contract_ID,Text,N,N,,NULLABLE. Set for Contract-scope rows.,Generated by flow EOM-01. This row is created once and never duplicated. Corrections attach as new MF_EOM_Submission versions pointing at the same item. Facility_ID is NULL for Installation and Contract scope.
MF_EOM_Item,MF EOM Item,One PERSISTENT row per expected submission per reporting period,Reporting_Period,Text,Y,Y,,YYYY-MM,Generated by flow EOM-01. This row is created once and never duplicated. Corrections attach as new MF_EOM_Submission versions pointing at the same item. Facility_ID is NULL for Installation and Contract scope.
MF_EOM_Item,MF EOM Item,One PERSISTENT row per expected submission per reporting period,Requirement_ID,Text,Y,Y,,,Generated by flow EOM-01. This row is created once and never duplicated. Corrections attach as new MF_EOM_Submission versions pointing at the same item. Facility_ID is NULL for Installation and Contract scope.
MF_EOM_Item,MF EOM Item,One PERSISTENT row per expected submission per reporting period,Requirement_Scope,Choice,Y,N,Facility; Installation; Contract,Denormalized from the requirement so the app can filter without a join,Generated by flow EOM-01. This row is created once and never duplicated. Corrections attach as new MF_EOM_Submission versions pointing at the same item. Facility_ID is NULL for Installation and Contract scope.
MF_EOM_Item,MF EOM Item,One PERSISTENT row per expected submission per reporting period,Required_Flag,Boolean,Y,N,,,Generated by flow EOM-01. This row is created once and never duplicated. Corrections attach as new MF_EOM_Submission versions pointing at the same item. Facility_ID is NULL for Installation and Contract scope.
MF_EOM_Item,MF EOM Item,One PERSISTENT row per expected submission per reporting period,Due_Date,DateTime,Y,N,,,Generated by flow EOM-01. This row is created once and never duplicated. Corrections attach as new MF_EOM_Submission versions pointing at the same item. Facility_ID is NULL for Installation and Contract scope.
MF_EOM_Item,MF EOM Item,One PERSISTENT row per expected submission per reporting period,Current_Submission_ID,Text,N,N,,Points at the Is_Current submission. Null until the first upload.,Generated by flow EOM-01. This row is created once and never duplicated. Corrections attach as new MF_EOM_Submission versions pointing at the same item. Facility_ID is NULL for Installation and Contract scope.
MF_EOM_Item,MF EOM Item,One PERSISTENT row per expected submission per reporting period,Received_Flag,Boolean,Y,N,,,Generated by flow EOM-01. This row is created once and never duplicated. Corrections attach as new MF_EOM_Submission versions pointing at the same item. Facility_ID is NULL for Installation and Contract scope.
MF_EOM_Item,MF EOM Item,One PERSISTENT row per expected submission per reporting period,Final_Status,Choice,Y,N,NOT_APPLICABLE; NOT_DUE; PENDING_VALIDATION; OVERDUE; NOT_SATISFIED; CORRECTION_REQUIRED; RECEIVED_PENDING_QC; ACCEPTED,"Semantic status. CALCULATED by EOM-03, never user-selectable. Independent of Status_Code — never derive one from the other.",Generated by flow EOM-01. This row is created once and never duplicated. Corrections attach as new MF_EOM_Submission versions pointing at the same item. Facility_ID is NULL for Installation and Contract scope.
MF_EOM_Item,MF EOM Item,One PERSISTENT row per expected submission per reporting period,Action_Owner,Choice,Y,N,Facility; Reviewer; Admin; None,Status_Code alone cannot answer 'is this mine'. Amber covers both correction needed (facility) and awaiting review (AFSVC). Home filters on this.,Generated by flow EOM-01. This row is created once and never duplicated. Corrections attach as new MF_EOM_Submission versions pointing at the same item. Facility_ID is NULL for Installation and Contract scope.
MF_EOM_Item,MF EOM Item,One PERSISTENT row per expected submission per reporting period,Action_Required,Boolean,Y,N,,,Generated by flow EOM-01. This row is created once and never duplicated. Corrections attach as new MF_EOM_Submission versions pointing at the same item. Facility_ID is NULL for Installation and Contract scope.
MF_EOM_Item,MF EOM Item,One PERSISTENT row per expected submission per reporting period,Status_Code,Number,Y,Y,,"VISUAL code only. 0 Gray not-applicable, 1 Red overdue, 2 Amber pending, 3 Green accepted, 4 Blue not-due/informational. Five states, not four: collapsing 'not applicable' and 'not due yet' into Gray made an installation whose requirements had simply not come due read as Not Applicable.",Generated by flow EOM-01. This row is created once and never duplicated. Corrections attach as new MF_EOM_Submission versions pointing at the same item. Facility_ID is NULL for Installation and Contract scope.
MF_EOM_Item,MF EOM Item,One PERSISTENT row per expected submission per reporting period,Exception_Flag,Boolean,Y,N,,Set when the item needs human attention beyond normal QC,Generated by flow EOM-01. This row is created once and never duplicated. Corrections attach as new MF_EOM_Submission versions pointing at the same item. Facility_ID is NULL for Installation and Contract scope.
MF_EOM_Item,MF EOM Item,One PERSISTENT row per expected submission per reporting period,Correction_Due,DateTime,N,N,,Set when QC returns a correction,Generated by flow EOM-01. This row is created once and never duplicated. Corrections attach as new MF_EOM_Submission versions pointing at the same item. Facility_ID is NULL for Installation and Contract scope.
MF_EOM_Item,MF EOM Item,One PERSISTENT row per expected submission per reporting period,Waived_Flag,Boolean,N,N,,Portfolio Manager may waive a requirement for a period,Generated by flow EOM-01. This row is created once and never duplicated. Corrections attach as new MF_EOM_Submission versions pointing at the same item. Facility_ID is NULL for Installation and Contract scope.
MF_EOM_Item,MF EOM Item,One PERSISTENT row per expected submission per reporting period,Waiver_Reason,Note,N,N,,,Generated by flow EOM-01. This row is created once and never duplicated. Corrections attach as new MF_EOM_Submission versions pointing at the same item. Facility_ID is NULL for Installation and Contract scope.
MF_EOM_Submission,MF EOM Submission,One row per uploaded file version,Submission_ID,Text,Y,Y,,,Versioned evidence. v1 Correction Required and v2 Accepted both persist; nothing is overwritten or deleted. QC applies to the Is_Current version.
MF_EOM_Submission,MF EOM Submission,One row per uploaded file version,EOM_Item_ID,Text,Y,Y,,,Versioned evidence. v1 Correction Required and v2 Accepted both persist; nothing is overwritten or deleted. QC applies to the Is_Current version.
MF_EOM_Submission,MF EOM Submission,One row per uploaded file version,Version_No,Number,Y,N,,Assigned by upload timestamp order,Versioned evidence. v1 Correction Required and v2 Accepted both persist; nothing is overwritten or deleted. QC applies to the Is_Current version.
MF_EOM_Submission,MF EOM Submission,One row per uploaded file version,File_Name,Text,Y,N,,As uploaded. No naming convention required.,Versioned evidence. v1 Correction Required and v2 Accepted both persist; nothing is overwritten or deleted. QC applies to the Is_Current version.
MF_EOM_Submission,MF EOM Submission,One row per uploaded file version,File_URL,URL,Y,N,,"THE LIST ROW IS TRUTH, THE PATH IS CONVENIENCE. Never derive status from the path — files get moved and renamed.",Versioned evidence. v1 Correction Required and v2 Accepted both persist; nothing is overwritten or deleted. QC applies to the Is_Current version.
MF_EOM_Submission,MF EOM Submission,One row per uploaded file version,File_Size_KB,Number,N,N,,,Versioned evidence. v1 Correction Required and v2 Accepted both persist; nothing is overwritten or deleted. QC applies to the Is_Current version.
MF_EOM_Submission,MF EOM Submission,One row per uploaded file version,Uploaded_By,User,Y,N,,SharePoint identity of the actual uploader,Versioned evidence. v1 Correction Required and v2 Accepted both persist; nothing is overwritten or deleted. QC applies to the Is_Current version.
MF_EOM_Submission,MF EOM Submission,One row per uploaded file version,Uploaded_DateTime,DateTime,Y,Y,,,Versioned evidence. v1 Correction Required and v2 Accepted both persist; nothing is overwritten or deleted. QC applies to the Is_Current version.
MF_EOM_Submission,MF EOM Submission,One row per uploaded file version,Submitted_On_Behalf_Of,Text,N,N,,"Facility_ID or Installation_ID when an AFSVC MFM uploads a document that arrived by email. Without this, emailed submissions misattribute to AFSVC and the missing/overdue counts go wrong silently.",Versioned evidence. v1 Correction Required and v2 Accepted both persist; nothing is overwritten or deleted. QC applies to the Is_Current version.
MF_EOM_Submission,MF EOM Submission,One row per uploaded file version,Intake_Method,Choice,Y,N,App upload; Folder drop; Manual classification,App upload needs no classification. Folder drop may.,Versioned evidence. v1 Correction Required and v2 Accepted both persist; nothing is overwritten or deleted. QC applies to the Is_Current version.
MF_EOM_Submission,MF EOM Submission,One row per uploaded file version,Classification_Method,Choice,N,N,Declared at upload; Folder context; Document content; AI Builder; Manual,'Declared at upload' is the production baseline. Filename is NEVER a method.,Versioned evidence. v1 Correction Required and v2 Accepted both persist; nothing is overwritten or deleted. QC applies to the Is_Current version.
MF_EOM_Submission,MF EOM Submission,One row per uploaded file version,Classification_Status,Choice,N,N,Pending; Classified; Needs Review; Failed,,Versioned evidence. v1 Correction Required and v2 Accepted both persist; nothing is overwritten or deleted. QC applies to the Is_Current version.
MF_EOM_Submission,MF EOM Submission,One row per uploaded file version,Last_Error_Code,Text,N,N,,,Versioned evidence. v1 Correction Required and v2 Accepted both persist; nothing is overwritten or deleted. QC applies to the Is_Current version.
MF_EOM_Submission,MF EOM Submission,One row per uploaded file version,Last_Error_Message,Note,N,N,,"User-facing, plain language. Never a raw HTTP status.",Versioned evidence. v1 Correction Required and v2 Accepted both persist; nothing is overwritten or deleted. QC applies to the Is_Current version.
MF_EOM_Submission,MF EOM Submission,One row per uploaded file version,Last_Processing_DateTime,DateTime,N,N,,,Versioned evidence. v1 Correction Required and v2 Accepted both persist; nothing is overwritten or deleted. QC applies to the Is_Current version.
MF_EOM_Submission,MF EOM Submission,One row per uploaded file version,Retry_Count,Number,N,N,,,Versioned evidence. v1 Correction Required and v2 Accepted both persist; nothing is overwritten or deleted. QC applies to the Is_Current version.
MF_EOM_Submission,MF EOM Submission,One row per uploaded file version,Source_Path,Text,N,N,,Where the file was found. Diagnostic only — the list row is truth.,Versioned evidence. v1 Correction Required and v2 Accepted both persist; nothing is overwritten or deleted. QC applies to the Is_Current version.
MF_EOM_Submission,MF EOM Submission,One row per uploaded file version,SharePoint_File_ID,Text,N,N,,Survives a rename or move; the URL does not.,Versioned evidence. v1 Correction Required and v2 Accepted both persist; nothing is overwritten or deleted. QC applies to the Is_Current version.
MF_EOM_Submission,MF EOM Submission,One row per uploaded file version,Classification_Confidence,Choice,N,N,Declared; High; Low; Unresolved,'Declared' = the app captured it at upload. That is the whole point of making the app the front door.,Versioned evidence. v1 Correction Required and v2 Accepted both persist; nothing is overwritten or deleted. QC applies to the Is_Current version.
MF_EOM_Submission,MF EOM Submission,One row per uploaded file version,Is_Current,Boolean,Y,N,,,Versioned evidence. v1 Correction Required and v2 Accepted both persist; nothing is overwritten or deleted. QC applies to the Is_Current version.
MF_EOM_Submission,MF EOM Submission,One row per uploaded file version,Superseded_By,Text,N,N,,Submission_ID of the version that replaced this one,Versioned evidence. v1 Correction Required and v2 Accepted both persist; nothing is overwritten or deleted. QC applies to the Is_Current version.
MF_EOM_Submission,MF EOM Submission,One row per uploaded file version,QC_Status,Choice,Y,N,Pending Review; Accepted; Correction Required; Wrong Document; Not Applicable,,Versioned evidence. v1 Correction Required and v2 Accepted both persist; nothing is overwritten or deleted. QC applies to the Is_Current version.
MF_EOM_Submission,MF EOM Submission,One row per uploaded file version,QC_By,User,N,N,,,Versioned evidence. v1 Correction Required and v2 Accepted both persist; nothing is overwritten or deleted. QC applies to the Is_Current version.
MF_EOM_Submission,MF EOM Submission,One row per uploaded file version,QC_DateTime,DateTime,N,N,,,Versioned evidence. v1 Correction Required and v2 Accepted both persist; nothing is overwritten or deleted. QC applies to the Is_Current version.
MF_EOM_Submission,MF EOM Submission,One row per uploaded file version,QC_Comment,Note,N,N,,REQUIRED when QC_Status is Correction Required or Wrong Document,Versioned evidence. v1 Correction Required and v2 Accepted both persist; nothing is overwritten or deleted. QC applies to the Is_Current version.
MF_Unmatched_File,MF Unmatched File,One row per file found in the FY folder that could not be resolved,Unmatched_ID,Text,Y,Y,,,The safety net for folder drops. Should be near-empty once people use the app. No content parsing or AI Builder in MVP — a human picks from dropdowns.
MF_Unmatched_File,MF Unmatched File,One row per file found in the FY folder that could not be resolved,File_Name,Text,Y,N,,,The safety net for folder drops. Should be near-empty once people use the app. No content parsing or AI Builder in MVP — a human picks from dropdowns.
MF_Unmatched_File,MF Unmatched File,One row per file found in the FY folder that could not be resolved,File_URL,URL,Y,N,,,The safety net for folder drops. Should be near-empty once people use the app. No content parsing or AI Builder in MVP — a human picks from dropdowns.
MF_Unmatched_File,MF Unmatched File,One row per file found in the FY folder that could not be resolved,Portfolio_ID,Text,N,N,,Derivable from the folder — that much the path gives us,The safety net for folder drops. Should be near-empty once people use the app. No content parsing or AI Builder in MVP — a human picks from dropdowns.
MF_Unmatched_File,MF Unmatched File,One row per file found in the FY folder that could not be resolved,Fiscal_Year,Text,N,N,,Derivable from the folder,The safety net for folder drops. Should be near-empty once people use the app. No content parsing or AI Builder in MVP — a human picks from dropdowns.
MF_Unmatched_File,MF Unmatched File,One row per file found in the FY folder that could not be resolved,Discovered_DateTime,DateTime,Y,N,,,The safety net for folder drops. Should be near-empty once people use the app. No content parsing or AI Builder in MVP — a human picks from dropdowns.
MF_Unmatched_File,MF Unmatched File,One row per file found in the FY folder that could not be resolved,Uploaded_By,User,N,N,,,The safety net for folder drops. Should be near-empty once people use the app. No content parsing or AI Builder in MVP — a human picks from dropdowns.
MF_Unmatched_File,MF Unmatched File,One row per file found in the FY folder that could not be resolved,Suggested_Installation_ID,Text,N,N,,Weak hint only. Never auto-applied.,The safety net for folder drops. Should be near-empty once people use the app. No content parsing or AI Builder in MVP — a human picks from dropdowns.
MF_Unmatched_File,MF Unmatched File,One row per file found in the FY folder that could not be resolved,Suggested_Document_Code,Text,N,N,,Weak hint only.,The safety net for folder drops. Should be near-empty once people use the app. No content parsing or AI Builder in MVP — a human picks from dropdowns.
MF_Unmatched_File,MF Unmatched File,One row per file found in the FY folder that could not be resolved,Resolution_Status,Choice,Y,N,Needs Classification; Classified; Not an EOM document; Duplicate,,The safety net for folder drops. Should be near-empty once people use the app. No content parsing or AI Builder in MVP — a human picks from dropdowns.
MF_Unmatched_File,MF Unmatched File,One row per file found in the FY folder that could not be resolved,Resolved_Submission_ID,Text,N,N,,,The safety net for folder drops. Should be near-empty once people use the app. No content parsing or AI Builder in MVP — a human picks from dropdowns.
MF_Unmatched_File,MF Unmatched File,One row per file found in the FY folder that could not be resolved,Resolved_By,User,N,N,,,The safety net for folder drops. Should be near-empty once people use the app. No content parsing or AI Builder in MVP — a human picks from dropdowns.
MF_Unmatched_File,MF Unmatched File,One row per file found in the FY folder that could not be resolved,Resolved_DateTime,DateTime,N,N,,,The safety net for folder drops. Should be near-empty once people use the app. No content parsing or AI Builder in MVP — a human picks from dropdowns.
MF_Security_Mapping,MF Security Mapping,One row per user per granted scope,Security_ID,Text,Y,Y,,,"ONE mapping for both Power Apps filtering and Power BI RLS. Do not maintain two permission models. Also drives dropdown defaulting: a DFAC manager with one facility row sees no dropdowns at all, just an upload box."
MF_Security_Mapping,MF Security Mapping,One row per user per granted scope,UPN,Text,Y,Y,,,"ONE mapping for both Power Apps filtering and Power BI RLS. Do not maintain two permission models. Also drives dropdown defaulting: a DFAC manager with one facility row sees no dropdowns at all, just an upload box."
MF_Security_Mapping,MF Security Mapping,One row per user per granted scope,Scope_Type,Choice,Y,N,Enterprise; Portfolio; Installation; Facility,,"ONE mapping for both Power Apps filtering and Power BI RLS. Do not maintain two permission models. Also drives dropdown defaulting: a DFAC manager with one facility row sees no dropdowns at all, just an upload box."
MF_Security_Mapping,MF Security Mapping,One row per user per granted scope,Portfolio_ID,Text,N,N,,,"ONE mapping for both Power Apps filtering and Power BI RLS. Do not maintain two permission models. Also drives dropdown defaulting: a DFAC manager with one facility row sees no dropdowns at all, just an upload box."
MF_Security_Mapping,MF Security Mapping,One row per user per granted scope,Installation_ID,Text,N,N,,,"ONE mapping for both Power Apps filtering and Power BI RLS. Do not maintain two permission models. Also drives dropdown defaulting: a DFAC manager with one facility row sees no dropdowns at all, just an upload box."
MF_Security_Mapping,MF Security Mapping,One row per user per granted scope,Facility_ID,Text,N,N,,,"ONE mapping for both Power Apps filtering and Power BI RLS. Do not maintain two permission models. Also drives dropdown defaulting: a DFAC manager with one facility row sees no dropdowns at all, just an upload box."
MF_Security_Mapping,MF Security Mapping,One row per user per granted scope,Role,Choice,Y,N,DFAC Manager; Accountant; MFM; Portfolio Manager; AFSVC Leadership; Admin,,"ONE mapping for both Power Apps filtering and Power BI RLS. Do not maintain two permission models. Also drives dropdown defaulting: a DFAC manager with one facility row sees no dropdowns at all, just an upload box."
MF_Security_Mapping,MF Security Mapping,One row per user per granted scope,Can_QC,Boolean,Y,N,,Portfolio Manager and Admin only,"ONE mapping for both Power Apps filtering and Power BI RLS. Do not maintain two permission models. Also drives dropdown defaulting: a DFAC manager with one facility row sees no dropdowns at all, just an upload box."
MF_Security_Mapping,MF Security Mapping,One row per user per granted scope,Can_Submit_On_Behalf,Boolean,Y,N,,"MFM, Portfolio Manager, Admin","ONE mapping for both Power Apps filtering and Power BI RLS. Do not maintain two permission models. Also drives dropdown defaulting: a DFAC manager with one facility row sees no dropdowns at all, just an upload box."
MF_Security_Mapping,MF Security Mapping,One row per user per granted scope,Can_Edit_Requirements,Boolean,Y,N,,Admin only,"ONE mapping for both Power Apps filtering and Power BI RLS. Do not maintain two permission models. Also drives dropdown defaulting: a DFAC manager with one facility row sees no dropdowns at all, just an upload box."
MF_Security_Mapping,MF Security Mapping,One row per user per granted scope,Developer_Flag,Boolean,Y,N,,Sees feature-flagged and diagnostic surfaces. Required because a DAF tenant may allow only ONE environment — unreleased work has to coexist with production safely.,"ONE mapping for both Power Apps filtering and Power BI RLS. Do not maintain two permission models. Also drives dropdown defaulting: a DFAC manager with one facility row sees no dropdowns at all, just an upload box."
MF_Security_Mapping,MF Security Mapping,One row per user per granted scope,Tester_Flag,Boolean,Y,N,,Sees Enabled_Testers features only,"ONE mapping for both Power Apps filtering and Power BI RLS. Do not maintain two permission models. Also drives dropdown defaulting: a DFAC manager with one facility row sees no dropdowns at all, just an upload box."
MF_Security_Mapping,MF Security Mapping,One row per user per granted scope,Active_Flag,Boolean,Y,N,,,"ONE mapping for both Power Apps filtering and Power BI RLS. Do not maintain two permission models. Also drives dropdown defaulting: a DFAC manager with one facility row sees no dropdowns at all, just an upload box."
MF_EOM_Audit,MF EOM Audit,One row per state change,Audit_ID,Text,Y,Y,,,"Cheap now, invaluable during an IG. Every QC decision and every generated item is recorded."
MF_EOM_Audit,MF EOM Audit,One row per state change,Entity_Type,Choice,Y,N,EOM_Item; EOM_Submission; Requirement,,"Cheap now, invaluable during an IG. Every QC decision and every generated item is recorded."
MF_EOM_Audit,MF EOM Audit,One row per state change,Entity_ID,Text,Y,Y,,,"Cheap now, invaluable during an IG. Every QC decision and every generated item is recorded."
MF_EOM_Audit,MF EOM Audit,One row per state change,Action,Choice,Y,N,Generated; Uploaded; QC Accepted; QC Correction Required; QC Wrong Document; Waived; Reclassified; Status Recalculated,,"Cheap now, invaluable during an IG. Every QC decision and every generated item is recorded."
MF_EOM_Audit,MF EOM Audit,One row per state change,Actor_UPN,Text,Y,N,,,"Cheap now, invaluable during an IG. Every QC decision and every generated item is recorded."
MF_EOM_Audit,MF EOM Audit,One row per state change,Action_DateTime,DateTime,Y,N,,,"Cheap now, invaluable during an IG. Every QC decision and every generated item is recorded."
MF_EOM_Audit,MF EOM Audit,One row per state change,Old_Value,Text,N,N,,,"Cheap now, invaluable during an IG. Every QC decision and every generated item is recorded."
MF_EOM_Audit,MF EOM Audit,One row per state change,New_Value,Text,N,N,,,"Cheap now, invaluable during an IG. Every QC decision and every generated item is recorded."
MF_EOM_Audit,MF EOM Audit,One row per state change,Detail,Note,N,N,,,"Cheap now, invaluable during an IG. Every QC decision and every generated item is recorded."
MF_App_Config,MF App Config,One row per configuration key,Config_Key,Text,Y,Y,,,"Admin-managed, read-only to everyone else. Pattern borrowed from the Microsoft Building Access sample. This is the kill switch: when something breaks after a publish you flip MaintenanceMode rather than racing to unpublish."
MF_App_Config,MF App Config,One row per configuration key,Config_Value,Text,Y,N,,,"Admin-managed, read-only to everyone else. Pattern borrowed from the Microsoft Building Access sample. This is the kill switch: when something breaks after a publish you flip MaintenanceMode rather than racing to unpublish."
MF_App_Config,MF App Config,One row per configuration key,Config_Type,Choice,Y,N,String; Boolean; Number; Date,,"Admin-managed, read-only to everyone else. Pattern borrowed from the Microsoft Building Access sample. This is the kill switch: when something breaks after a publish you flip MaintenanceMode rather than racing to unpublish."
MF_App_Config,MF App Config,One row per configuration key,Description,Note,N,N,,,"Admin-managed, read-only to everyone else. Pattern borrowed from the Microsoft Building Access sample. This is the kill switch: when something breaks after a publish you flip MaintenanceMode rather than racing to unpublish."
MF_App_Config,MF App Config,One row per configuration key,Admin_Only,Boolean,Y,N,,,"Admin-managed, read-only to everyone else. Pattern borrowed from the Microsoft Building Access sample. This is the kill switch: when something breaks after a publish you flip MaintenanceMode rather than racing to unpublish."
MF_App_Config,MF App Config,One row per configuration key,Active_Flag,Boolean,Y,N,,,"Admin-managed, read-only to everyone else. Pattern borrowed from the Microsoft Building Access sample. This is the kill switch: when something breaks after a publish you flip MaintenanceMode rather than racing to unpublish."
MF_Feature_Flags,MF Feature Flags,One row per feature,Feature_Key,Text,Y,Y,,,"Ship a new screen inside the published app while normal users still see the old one. Beats the manual old-screen/new-screen swap: no renaming, no rebuild, and the rollback is a checkbox."
MF_Feature_Flags,MF Feature Flags,One row per feature,Feature_Name,Text,Y,N,,,"Ship a new screen inside the published app while normal users still see the old one. Beats the manual old-screen/new-screen swap: no renaming, no rebuild, and the rollback is a checkbox."
MF_Feature_Flags,MF Feature Flags,One row per feature,Enabled_Prod,Boolean,Y,N,,,"Ship a new screen inside the published app while normal users still see the old one. Beats the manual old-screen/new-screen swap: no renaming, no rebuild, and the rollback is a checkbox."
MF_Feature_Flags,MF Feature Flags,One row per feature,Enabled_Testers,Boolean,Y,N,,,"Ship a new screen inside the published app while normal users still see the old one. Beats the manual old-screen/new-screen swap: no renaming, no rebuild, and the rollback is a checkbox."
MF_Feature_Flags,MF Feature Flags,One row per feature,Minimum_Role,Choice,Y,N,DFAC Manager; Accountant; MFM; Portfolio Manager; AFSVC Leadership; Admin; Developer,,"Ship a new screen inside the published app while normal users still see the old one. Beats the manual old-screen/new-screen swap: no renaming, no rebuild, and the rollback is a checkbox."
MF_Feature_Flags,MF Feature Flags,One row per feature,Effective_Date,DateTime,N,N,,,"Ship a new screen inside the published app while normal users still see the old one. Beats the manual old-screen/new-screen swap: no renaming, no rebuild, and the rollback is a checkbox."
MF_Feature_Flags,MF Feature Flags,One row per feature,Notes,Note,N,N,,,"Ship a new screen inside the published app while normal users still see the old one. Beats the manual old-screen/new-screen swap: no renaming, no rebuild, and the rollback is a checkbox."
MF_App_Event_Log,MF App Event Log,One row per meaningful business event,Event_ID,Text,Y,Y,,,"Business telemetry, NOT click tracking. Answers 'why didn't Minot's 1119 show up' operationally, and 'how many manual interventions did we avoid' strategically. Append-only; never bind a gallery directly to it."
MF_App_Event_Log,MF App Event Log,One row per meaningful business event,Event_DateTime,DateTime,Y,Y,,,"Business telemetry, NOT click tracking. Answers 'why didn't Minot's 1119 show up' operationally, and 'how many manual interventions did we avoid' strategically. Append-only; never bind a gallery directly to it."
MF_App_Event_Log,MF App Event Log,One row per meaningful business event,User_UPN,Text,Y,N,,,"Business telemetry, NOT click tracking. Answers 'why didn't Minot's 1119 show up' operationally, and 'how many manual interventions did we avoid' strategically. Append-only; never bind a gallery directly to it."
MF_App_Event_Log,MF App Event Log,One row per meaningful business event,Role,Text,N,N,,,"Business telemetry, NOT click tracking. Answers 'why didn't Minot's 1119 show up' operationally, and 'how many manual interventions did we avoid' strategically. Append-only; never bind a gallery directly to it."
MF_App_Event_Log,MF App Event Log,One row per meaningful business event,Portfolio_ID,Text,N,N,,,"Business telemetry, NOT click tracking. Answers 'why didn't Minot's 1119 show up' operationally, and 'how many manual interventions did we avoid' strategically. Append-only; never bind a gallery directly to it."
MF_App_Event_Log,MF App Event Log,One row per meaningful business event,Installation_ID,Text,N,Y,,,"Business telemetry, NOT click tracking. Answers 'why didn't Minot's 1119 show up' operationally, and 'how many manual interventions did we avoid' strategically. Append-only; never bind a gallery directly to it."
MF_App_Event_Log,MF App Event Log,One row per meaningful business event,Facility_ID,Text,N,N,,,"Business telemetry, NOT click tracking. Answers 'why didn't Minot's 1119 show up' operationally, and 'how many manual interventions did we avoid' strategically. Append-only; never bind a gallery directly to it."
MF_App_Event_Log,MF App Event Log,One row per meaningful business event,Event_Type,Choice,Y,N,AppOpened; DocumentDiscovered; SubmissionCreated; VersionSuperseded; ClassificationSucceeded; ClassificationUncertain; ManualClassification; ExpectedItemMatched; QCAccepted; QCCorrectionRequired; QCWrongDocument; ExpectedGenerationFailed; ReconciliationMismatch; FlowFailure; PermissionDenied; MaintenanceModeBlocked,,"Business telemetry, NOT click tracking. Answers 'why didn't Minot's 1119 show up' operationally, and 'how many manual interventions did we avoid' strategically. Append-only; never bind a gallery directly to it."
MF_App_Event_Log,MF App Event Log,One row per meaningful business event,Record_ID,Text,N,N,,,"Business telemetry, NOT click tracking. Answers 'why didn't Minot's 1119 show up' operationally, and 'how many manual interventions did we avoid' strategically. Append-only; never bind a gallery directly to it."
MF_App_Event_Log,MF App Event Log,One row per meaningful business event,Result,Choice,Y,N,Success; Warning; Failure,,"Business telemetry, NOT click tracking. Answers 'why didn't Minot's 1119 show up' operationally, and 'how many manual interventions did we avoid' strategically. Append-only; never bind a gallery directly to it."
MF_App_Event_Log,MF App Event Log,One row per meaningful business event,Error_Code,Text,N,N,,,"Business telemetry, NOT click tracking. Answers 'why didn't Minot's 1119 show up' operationally, and 'how many manual interventions did we avoid' strategically. Append-only; never bind a gallery directly to it."
MF_App_Event_Log,MF App Event Log,One row per meaningful business event,Error_Message,Note,N,N,,,"Business telemetry, NOT click tracking. Answers 'why didn't Minot's 1119 show up' operationally, and 'how many manual interventions did we avoid' strategically. Append-only; never bind a gallery directly to it."
MF_App_Event_Log,MF App Event Log,One row per meaningful business event,App_Version,Text,Y,N,,Which build produced this event. Essential when one environment holds released and unreleased code at once.,"Business telemetry, NOT click tracking. Answers 'why didn't Minot's 1119 show up' operationally, and 'how many manual interventions did we avoid' strategically. Append-only; never bind a gallery directly to it."
MF_EOM_Status,MF EOM Status,One flat row per EOM item — the canonical Power BI fact,Status_ID,Text,Y,Y,,,Materialized by EOM-03. Power BI NEVER reconstructs workflow logic; it reads Status_Code and formats. Both the numeric code and the semantic string are stored so Power BI can colour on one and label on the other.
MF_EOM_Status,MF EOM Status,One flat row per EOM item — the canonical Power BI fact,EOM_Item_ID,Text,Y,Y,,,Materialized by EOM-03. Power BI NEVER reconstructs workflow logic; it reads Status_Code and formats. Both the numeric code and the semantic string are stored so Power BI can colour on one and label on the other.
MF_EOM_Status,MF EOM Status,One flat row per EOM item — the canonical Power BI fact,Reporting_Period,Text,Y,Y,,,Materialized by EOM-03. Power BI NEVER reconstructs workflow logic; it reads Status_Code and formats. Both the numeric code and the semantic string are stored so Power BI can colour on one and label on the other.
MF_EOM_Status,MF EOM Status,One flat row per EOM item — the canonical Power BI fact,Fiscal_Year,Text,Y,N,,,Materialized by EOM-03. Power BI NEVER reconstructs workflow logic; it reads Status_Code and formats. Both the numeric code and the semantic string are stored so Power BI can colour on one and label on the other.
MF_EOM_Status,MF EOM Status,One flat row per EOM item — the canonical Power BI fact,Portfolio_ID,Text,Y,Y,,,Materialized by EOM-03. Power BI NEVER reconstructs workflow logic; it reads Status_Code and formats. Both the numeric code and the semantic string are stored so Power BI can colour on one and label on the other.
MF_EOM_Status,MF EOM Status,One flat row per EOM item — the canonical Power BI fact,Installation_ID,Text,Y,Y,,,Materialized by EOM-03. Power BI NEVER reconstructs workflow logic; it reads Status_Code and formats. Both the numeric code and the semantic string are stored so Power BI can colour on one and label on the other.
MF_EOM_Status,MF EOM Status,One flat row per EOM item — the canonical Power BI fact,Installation_Name,Text,Y,N,,,Materialized by EOM-03. Power BI NEVER reconstructs workflow logic; it reads Status_Code and formats. Both the numeric code and the semantic string are stored so Power BI can colour on one and label on the other.
MF_EOM_Status,MF EOM Status,One flat row per EOM item — the canonical Power BI fact,Facility_ID,Text,N,N,,Null for Installation and Contract scope,Materialized by EOM-03. Power BI NEVER reconstructs workflow logic; it reads Status_Code and formats. Both the numeric code and the semantic string are stored so Power BI can colour on one and label on the other.
MF_EOM_Status,MF EOM Status,One flat row per EOM item — the canonical Power BI fact,Facility_Name,Text,N,N,,,Materialized by EOM-03. Power BI NEVER reconstructs workflow logic; it reads Status_Code and formats. Both the numeric code and the semantic string are stored so Power BI can colour on one and label on the other.
MF_EOM_Status,MF EOM Status,One flat row per EOM item — the canonical Power BI fact,Operating_Model,Text,N,N,,,Materialized by EOM-03. Power BI NEVER reconstructs workflow logic; it reads Status_Code and formats. Both the numeric code and the semantic string are stored so Power BI can colour on one and label on the other.
MF_EOM_Status,MF EOM Status,One flat row per EOM item — the canonical Power BI fact,Contract_ID,Text,N,N,,,Materialized by EOM-03. Power BI NEVER reconstructs workflow logic; it reads Status_Code and formats. Both the numeric code and the semantic string are stored so Power BI can colour on one and label on the other.
MF_EOM_Status,MF EOM Status,One flat row per EOM item — the canonical Power BI fact,Requirement_ID,Text,Y,N,,,Materialized by EOM-03. Power BI NEVER reconstructs workflow logic; it reads Status_Code and formats. Both the numeric code and the semantic string are stored so Power BI can colour on one and label on the other.
MF_EOM_Status,MF EOM Status,One flat row per EOM item — the canonical Power BI fact,Requirement_Name,Text,Y,N,,,Materialized by EOM-03. Power BI NEVER reconstructs workflow logic; it reads Status_Code and formats. Both the numeric code and the semantic string are stored so Power BI can colour on one and label on the other.
MF_EOM_Status,MF EOM Status,One flat row per EOM item — the canonical Power BI fact,Document_Code,Text,Y,N,,,Materialized by EOM-03. Power BI NEVER reconstructs workflow logic; it reads Status_Code and formats. Both the numeric code and the semantic string are stored so Power BI can colour on one and label on the other.
MF_EOM_Status,MF EOM Status,One flat row per EOM item — the canonical Power BI fact,Requirement_Scope,Text,Y,N,,,Materialized by EOM-03. Power BI NEVER reconstructs workflow logic; it reads Status_Code and formats. Both the numeric code and the semantic string are stored so Power BI can colour on one and label on the other.
MF_EOM_Status,MF EOM Status,One flat row per EOM item — the canonical Power BI fact,Authority_Status,Text,Y,N,,Carried through so the COP can dim provisional requirements too,Materialized by EOM-03. Power BI NEVER reconstructs workflow logic; it reads Status_Code and formats. Both the numeric code and the semantic string are stored so Power BI can colour on one and label on the other.
MF_EOM_Status,MF EOM Status,One flat row per EOM item — the canonical Power BI fact,Required_Flag,Boolean,Y,N,,,Materialized by EOM-03. Power BI NEVER reconstructs workflow logic; it reads Status_Code and formats. Both the numeric code and the semantic string are stored so Power BI can colour on one and label on the other.
MF_EOM_Status,MF EOM Status,One flat row per EOM item — the canonical Power BI fact,Due_Date,DateTime,Y,N,,,Materialized by EOM-03. Power BI NEVER reconstructs workflow logic; it reads Status_Code and formats. Both the numeric code and the semantic string are stored so Power BI can colour on one and label on the other.
MF_EOM_Status,MF EOM Status,One flat row per EOM item — the canonical Power BI fact,Received_Flag,Boolean,Y,N,,,Materialized by EOM-03. Power BI NEVER reconstructs workflow logic; it reads Status_Code and formats. Both the numeric code and the semantic string are stored so Power BI can colour on one and label on the other.
MF_EOM_Status,MF EOM Status,One flat row per EOM item — the canonical Power BI fact,Received_DateTime,DateTime,N,N,,,Materialized by EOM-03. Power BI NEVER reconstructs workflow logic; it reads Status_Code and formats. Both the numeric code and the semantic string are stored so Power BI can colour on one and label on the other.
MF_EOM_Status,MF EOM Status,One flat row per EOM item — the canonical Power BI fact,Version_No,Number,N,N,,,Materialized by EOM-03. Power BI NEVER reconstructs workflow logic; it reads Status_Code and formats. Both the numeric code and the semantic string are stored so Power BI can colour on one and label on the other.
MF_EOM_Status,MF EOM Status,One flat row per EOM item — the canonical Power BI fact,QC_Status,Text,N,N,,,Materialized by EOM-03. Power BI NEVER reconstructs workflow logic; it reads Status_Code and formats. Both the numeric code and the semantic string are stored so Power BI can colour on one and label on the other.
MF_EOM_Status,MF EOM Status,One flat row per EOM item — the canonical Power BI fact,Final_Status,Text,Y,N,,,Materialized by EOM-03. Power BI NEVER reconstructs workflow logic; it reads Status_Code and formats. Both the numeric code and the semantic string are stored so Power BI can colour on one and label on the other.
MF_EOM_Status,MF EOM Status,One flat row per EOM item — the canonical Power BI fact,Status_Code,Number,Y,N,,0 Gray 1 Red 2 Yellow 3 Green,Materialized by EOM-03. Power BI NEVER reconstructs workflow logic; it reads Status_Code and formats. Both the numeric code and the semantic string are stored so Power BI can colour on one and label on the other.
MF_EOM_Status,MF EOM Status,One flat row per EOM item — the canonical Power BI fact,Status_Semantic,Text,Y,N,,NOT_APPLICABLE | NOT_DUE | PENDING_VALIDATION | OVERDUE | NOT_SATISFIED | CORRECTION_REQUIRED | RECEIVED_PENDING_QC | ACCEPTED. Never colour-only.,Materialized by EOM-03. Power BI NEVER reconstructs workflow logic; it reads Status_Code and formats. Both the numeric code and the semantic string are stored so Power BI can colour on one and label on the other.
MF_EOM_Status,MF EOM Status,One flat row per EOM item — the canonical Power BI fact,Action_Owner,Text,Y,N,,,Materialized by EOM-03. Power BI NEVER reconstructs workflow logic; it reads Status_Code and formats. Both the numeric code and the semantic string are stored so Power BI can colour on one and label on the other.
MF_EOM_Status,MF EOM Status,One flat row per EOM item — the canonical Power BI fact,Action_Required,Boolean,Y,N,,,Materialized by EOM-03. Power BI NEVER reconstructs workflow logic; it reads Status_Code and formats. Both the numeric code and the semantic string are stored so Power BI can colour on one and label on the other.
MF_EOM_Status,MF EOM Status,One flat row per EOM item — the canonical Power BI fact,Package_State,Text,Y,N,,"Facility-level rollup: ACTION_REQUIRED | IN_REVIEW | COMPLETE | IN_PROGRESS | NOT_APPLICABLE. Computed over semantic statuses, never over colour codes.",Materialized by EOM-03. Power BI NEVER reconstructs workflow logic; it reads Status_Code and formats. Both the numeric code and the semantic string are stored so Power BI can colour on one and label on the other.
MF_EOM_Status,MF EOM Status,One flat row per EOM item — the canonical Power BI fact,Days_Late,Number,N,N,,,Materialized by EOM-03. Power BI NEVER reconstructs workflow logic; it reads Status_Code and formats. Both the numeric code and the semantic string are stored so Power BI can colour on one and label on the other.
MF_EOM_Status,MF EOM Status,One flat row per EOM item — the canonical Power BI fact,On_Time_Flag,Boolean,N,N,,,Materialized by EOM-03. Power BI NEVER reconstructs workflow logic; it reads Status_Code and formats. Both the numeric code and the semantic string are stored so Power BI can colour on one and label on the other.
MF_EOM_Status,MF EOM Status,One flat row per EOM item — the canonical Power BI fact,Current_File_URL,URL,N,N,,,Materialized by EOM-03. Power BI NEVER reconstructs workflow logic; it reads Status_Code and formats. Both the numeric code and the semantic string are stored so Power BI can colour on one and label on the other.
MF_EOM_Status,MF EOM Status,One flat row per EOM item — the canonical Power BI fact,Generated_DateTime,DateTime,Y,N,,,Materialized by EOM-03. Power BI NEVER reconstructs workflow logic; it reads Status_Code and formats. Both the numeric code and the semantic string are stored so Power BI can colour on one and label on the other.
