INSTALLATION,LOCATION,FACILITY NAME,PORTFOLIO,MAJCOM,DESIGNATION,UNIT,POC,FEEDING TYPE,PROGRAM TYPE,CONTRACT TYPE,PRIMARY PV,POS TERMINALS
ALTUS AFB,OKLAHOMA (OK),Hangar 97,PORTFOLIO 2,AETC,N/A,97 FSS,Mr. Marlin Carter,Food 2.0,Food 2.0 - AB1,Aramark,US Foods,N/A
ANDERSEN AB,GUAM,DFAC,PORTFOLIO 1,PACAF,N/A,36 FSS,TSgt Amy Sherwood,Legacy,Legacy - SB,Mess Attendant,Pacific Unlimited,N/A
ANDERSEN AB,GUAM,DFAC,PORTFOLIO 1,PACAF,N/A,36 FSS,TSgt Amy Sherwood,Legacy,Legacy - SB,Mess Attendant,Pacific Unlimited,N/A
ANDERSEN AB,GUAM,DFAC,PORTFOLIO 1,PACAF,N/A,36 FSS,TSgt Amy Sherwood,Legacy,Legacy - SB,Mess Attendant,Pacific Unlimited,N/A
ANDERSEN AB,GUAM,Silver Flag,PORTFOLIO 1,PACAF,SILVER FLAG,36 FSS,TSgt Amy Sherwood,Legacy,Legacy - SB,Mess Attendant,Pacific Unlimited,N/A
ANDERSEN AB,GUAM,Silver Flag,PORTFOLIO 1,PACAF,SILVER FLAG,36 FSS,TSgt Amy Sherwood,Legacy,Legacy - SB,Mess Attendant,Pacific Unlimited,N/A
ANDERSEN AB,GUAM,Silver Flag,PORTFOLIO 1,PACAF,SILVER FLAG,36 FSS,TSgt Amy Sherwood,Legacy,Legacy - SB,Mess Attendant,Pacific Unlimited,N/A
AVIANO AB,ITALY,DFAC,PORTFOLIO 4,USAFE,N/A,31 FSS,TSgt Brent Smith,Legacy,Legacy - LN,Full Service,Ebrex,Offline (2)
BARKSDALE AFB,LOUISIANA (LA),Red River Inn,PORTFOLIO 2,AFGSC,N/A,2 FSS,Mr. Marlin Carter,Food 2.0,Food 2.0 - AB1,Sodexo,Merchants,N/A
BEALE AFB,CALIFORNIA (CA),Contrails DFAC,PORTFOLIO 1,ACC,N/A,9 FSS,Mr. Randy Spaulding,Food 2.0,Food 2.0 - AB1,Sodexo,US Foods,N/A
BEALE AFB,CALIFORNIA (CA),Dragons Lair,PORTFOLIO 1,ACC,N/A,9 FSS,Mr. Randy Spaulding,Food 2.0,Food 2.0 - AB1,Sodexo,US Foods,N/A
BUECHEL AB,GERMANY,Odin Inn,PORTFOLIO 4,USAFE,N/A,702 MUNS,TSgt Brent Smith,Legacy,Legacy - LN - No ESM - No Dorms,Local National Support,TWI,1
CANNON AFB,NEW MEXICO (NM),High Plains Café,PORTFOLIO 2,AFSOC,N/A,27 SOFSS,Ms. Stephanie Contreras,Food 2.0,Food 2.0 - AB1,Sodexo,Labatt,N/A
CANNON AFB,NEW MEXICO (NM),High Plains Café,PORTFOLIO 2,AFSOC,N/A,27 SOFSS,Ms. Stephanie Contreras,Food 2.0,Food 2.0 - AB1,Sodexo,Labatt,N/A
CANNON AFB,NEW MEXICO (NM),Pecos Trail DFAC,PORTFOLIO 2,AFSOC,N/A,27 SOFSS,Ms. Stephanie Contreras,Food 2.0,Food 2.0 - AB1,Sodexo,Labatt,N/A
CANNON AFB,NEW MEXICO (NM),Pecos Trail DFAC,PORTFOLIO 2,AFSOC,N/A,27 SOFSS,Ms. Stephanie Contreras,Food 2.0,Food 2.0 - AB1,Sodexo,Labatt,N/A
"CHARLESTON, JB",SOUTH CAROLINA (SC),Gaylor DFAC,PORTFOLIO 4,AMC,N/A,628 FSS,Mr. Tyrone Merriweather,Food 2.0,Food 2.0 - AB1,Sodexo,US Foods,N/A
CLEAR SFS,ALASKA (AK),DFAC,PORTFOLIO 1,USSF,N/A,13 FSS,TSgt Amy Sherwood,Legacy,Legacy - BOS - No ESM,Full Food Service,US Foods,N/A
CREECH AFB,NEVADA (NV),DFAC,PORTFOLIO 1,ACC,N/A,432 FSS,TSgt Annette Hartman,Legacy,Legacy - BOS - No ESM,Full Food Service,US Foods,Hunters – 4
DAVIS MONTHAN AFB,ARIZONA (AZ),DFAC,PORTFOLIO 1,ACC,AFSOUTH,355 FSS,Mr. Adam Aguilar,Food 2.0,Food 2.0 - AB1,Aramark,US Foods,N/A
DOVER AFB,DELAWARE (DE),Patterson DFAC,PORTFOLIO 4,AMC,N/A,436 FSS,Ms. Stephanie Thomas,Food 2.0,Food 2.0 - AB1,Sodexo,US Foods,N/A
DOVER AFB,DELAWARE (DE),Heavy Lifters KIOSK,PORTFOLIO 4,AMC,N/A,436 FSS,Ms. Stephanie Thomas,Food 2.0,Food 2.0 - AB1,Sodexo,US Foods,N/A
DYESS AFB,TEXAS (TX),Longhorn DFAC,PORTFOLIO 2,AFGSC,N/A,7 FSS,Mr. Marlin Carter,Food 2.0,Food 2.0 - AB1,Sodexo,Labatt,N/A
EDWARDS AFB,CALIFORNIA (CA),DFAC,PORTFOLIO 1,AFMC,N/A,412 FSS,TSgt Annette Hartman,Legacy,Legacy - SB,Full Food Service,US Foods,Joshua Tree – N/A
EGLIN AFB,FLORIDA (FL),Lightning,PORTFOLIO 4,AFMC,N/A,96 FSS,TSgt Dante Tillman,Legacy,Legacy - RSA,Mess Attendant,US Foods,Lightning – 3
EGLIN AFB (2.0),FLORIDA (FL),Breeze DFAC,PORTFOLIO 4,AFMC,N/A,96 FSS,Ms. Stephanie Thomas,Food 2.0,Food 2.0 - AB1,Sodexo,US Foods,N/A
EGLIN AFB (2.0),FLORIDA (FL),Duke Field,PORTFOLIO 4,AFMC,N/A,96 FSS,Ms. Stephanie Thomas,Food 2.0,Food 2.0 - AB1,Sodexo,US Foods,N/A
EIELSON AFB,ALASKA (AK),DFAC,PORTFOLIO 1,PACAF,N/A,354 FSS,TSgt Amy Sherwood,Legacy,Food 2.0 - In Development,Mess Attendant,US Foods,6
EIELSON AFB,ALASKA (AK),DFAC,PORTFOLIO 1,PACAF,N/A,354 FSS,TSgt Amy Sherwood,Legacy,Food 2.0 - In Development,Mess Attendant,US Foods,6
ELLSWORTH AFB,SOUTH DAKOTA (SD),Raider Café,PORTFOLIO 3,AFGSC,N/A,28 FSS,Ms. Treva Sahadat,Food 2.0,Food 2.0 - AB1,Sodexo,US Foods,N/A
"ELMENDORF, JB",ALASKA (AK),Iditarod DFAC,PORTFOLIO 1,PACAF,N/A,673 FSS,Mr. Randy Spaulding,Food 2.0,Food 2.0 - AB1,Sodexo,US Foods,N/A
FAIRCHILD AFB,WASHINGTON (WA),Ross DFAC,PORTFOLIO 1,AMC,N/A,92 FSS,Mr. Adam Aguilar,Food 2.0,Food 2.0 - AB1,Aramark,Sysco,N/A
FAIRCHILD AFB,WASHINGTON (WA),Ross DFAC,PORTFOLIO 1,AMC,N/A,92 FSS,Mr. Adam Aguilar,Food 2.0,Food 2.0 - AB1,Aramark,Sysco,N/A
FAIRCHILD AFB,WASHINGTON (WA),Ross DFAC,PORTFOLIO 1,AMC,N/A,92 FSS,Mr. Adam Aguilar,Food 2.0,Food 2.0 - AB1,Aramark,Sysco,N/A
FAIRCHILD AFB,WASHINGTON (WA),Ross DFAC,PORTFOLIO 1,AMC,N/A,92 FSS,Mr. Adam Aguilar,Food 2.0,Food 2.0 - AB1,Aramark,Sysco,N/A
FAIRCHILD AFB,WASHINGTON (WA),Warrior DFAC,PORTFOLIO 1,AMC,N/A,92 FSS,Mr. Adam Aguilar,Food 2.0,Food 2.0 - AB1,Aramark,Sysco,N/A
FAIRCHILD AFB,WASHINGTON (WA),Warrior DFAC,PORTFOLIO 1,AMC,N/A,92 FSS,Mr. Adam Aguilar,Food 2.0,Food 2.0 - AB1,Aramark,Sysco,N/A
FAIRCHILD AFB,WASHINGTON (WA),Warrior DFAC,PORTFOLIO 1,AMC,N/A,92 FSS,Mr. Adam Aguilar,Food 2.0,Food 2.0 - AB1,Aramark,Sysco,N/A
FAIRCHILD AFB,WASHINGTON (WA),Warrior DFAC,PORTFOLIO 1,AMC,N/A,92 FSS,Mr. Adam Aguilar,Food 2.0,Food 2.0 - AB1,Aramark,Sysco,N/A
FE WARREN AFB (2.0),WYOMING (WY),Chadwell DFAC,PORTFOLIO 3,AFGSC,N/A,90 FSS,Mr. Greg Featherstone,Food 2.0,Food 2.0 - AB1,Sodexo,Shamrock,N/A
FE WARREN AFB (2.0),WYOMING (WY),Chadwell DFAC,PORTFOLIO 3,AFGSC,N/A,90 FSS,Mr. Greg Featherstone,Food 2.0,Food 2.0 - AB1,Sodexo,Shamrock,N/A
FE WARREN AFB (MAF),WYOMING (WY),MAFFO,PORTFOLIO 3,AFGSC,MAFFO,90 FSS,TSgt Marc Miller-Nelson,MAFFO,N/A,Sodexo,Shamrock,N/A
FE WARREN AFB (MAF),WYOMING (WY),MAFFO,PORTFOLIO 3,AFGSC,MAFFO,90 FSS,TSgt Marc Miller-Nelson,MAFFO,N/A,Sodexo,Shamrock,N/A
FT. GREGG ADAMS,VIRGINIA (VA),Schoolhouse,PORTFOLIO 4,AETC,N/A,345 TRS,TSgt Dante Tillman,Legacy,N/A,N/A,US Foods,N/A
FT. MEADE,MARYLAND (MD),Six Hats,PORTFOLIO 4,ACC,N/A,707 FSS,MSgt Chermara Walley,Legacy,Legacy - AB1 (No NAFs),Full Food Service,US Foods,Six Hats – 3 (1 inop)
GHEDI AB,ITALY,DFAC,PORTFOLIO 4,USAFE,N/A,704 MUNS,MSgt Chermara Walley,Legacy,Legacy - LN - No ESM - No Dorms,Local National Support,Ebrex,1
GOODFELLOW AFB,TEXAS (TX),Cressman DFAC,PORTFOLIO 2,AETC,N/A,17 FSS,Ms. Stephanie Contreras,Food 2.0,Food 2.0 - AB1,Sodexo,Labatt,N/A
GOODFELLOW AFB,TEXAS (TX),Cressman DFAC,PORTFOLIO 2,AETC,N/A,17 FSS,Ms. Stephanie Contreras,Food 2.0,Food 2.0 - AB1,Sodexo,Labatt,N/A
GOODFELLOW AFB,TEXAS (TX),Western Winds DFAC,PORTFOLIO 2,AETC,N/A,17 FSS,Ms. Stephanie Contreras,Food 2.0,Food 2.0 - AB1,Sodexo,Labatt,N/A
GOODFELLOW AFB,TEXAS (TX),Western Winds DFAC,PORTFOLIO 2,AETC,N/A,17 FSS,Ms. Stephanie Contreras,Food 2.0,Food 2.0 - AB1,Sodexo,Labatt,N/A
GRAND FORKS AFB,NORTH DAKOTA (ND),Airey DFAC,PORTFOLIO 3,ACC,N/A,319 FSS,Ms. Treva Sahadat,Food 2.0,Food 2.0 - AB1,Aramark,US Foods,N/A
"HICKAM, JBP",HAWAII (HI),Hale Aina,PORTFOLIO 1,PACAF,N/A,647 FSS,MSgt Kellie Jones,Legacy,Legacy - SB,Mess Attendant,Y. Hata & Company,2 (1 inop)
HILL AFB,UTAH (UT),Hill Crest,PORTFOLIO 3,AFMC,N/A,75 FSS,TSgt Emilee Hinson,Legacy,Legacy - BOS,Full Food Service,Sysco,Hillcrest – 4
HOLLOMAN AFB,NEW MEXICO (NM),Shifting Sands,PORTFOLIO 2,ACC,N/A,49 FSS,Ms. Stephanie Contreras,Food 2.0,Food 2.0 - In Development,Sodexo,Labatt,N/A
HURLBURT FIELD,FLORIDA (FL),Riptide,PORTFOLIO 4,AFSOC,N/A,1 SOFSS,TSgt Brent Smith,Legacy,Legacy - SB (NonFood 2.0 Test),Mess Attendant,Sysco,Reef – 2 Riptide – 2
HURLBURT FIELD,FLORIDA (FL),Riptide,PORTFOLIO 4,AFSOC,N/A,1 SOFSS,TSgt Brent Smith,Legacy,Legacy - SB (NonFood 2.0 Test),Mess Attendant,Sysco,Reef – 2 Riptide – 2
INCIRLIK AB,TURKEY,Sultan's Inn,PORTFOLIO 4,USAFE,N/A,39 FSS,TSgt Brent Smith,Legacy,Legacy - BOS (NonFood 2.0 Test),Full Food Service,Ebrex,3 (1 inop)
INCIRLIK AB,TURKEY,Sultan's Inn,PORTFOLIO 4,USAFE,N/A,39 FSS,TSgt Brent Smith,Legacy,Legacy - BOS (NonFood 2.0 Test),Full Food Service,Ebrex,3 (1 inop)
INCIRLIK AB,TURKEY,Sultan's Inn,PORTFOLIO 4,USAFE,N/A,39 FSS,TSgt Brent Smith,Legacy,Legacy - BOS (NonFood 2.0 Test),Full Food Service,Ebrex,3 (1 inop)
JBSA LACKLAND,TEXAS (TX),Live Oak,PORTFOLIO 2,AETC,N/A,502 FSS,TSgt Aqueriya Stroud,Legacy,Legacy - RSA,Full Food Service,Labatte,Live Oak-4
JBSA LACKLAND,TEXAS (TX),Amigo,PORTFOLIO 2,AETC,N/A,502 FSS,TSgt Aqueriya Stroud,Legacy,Legacy - RSA,Full Food Service,Labatte,Amigo-4
JBSA LACKLAND,TEXAS (TX),SWT,PORTFOLIO 2,AETC,N/A,502 FSS,TSgt Aqueriya Stroud,Legacy,Legacy - RSA,Full Food Service,Labatte,SWT-2
JBSA LACKLAND,TEXAS (TX),Chapman,PORTFOLIO 2,AETC,N/A,502 FSS,TSgt Aqueriya Stroud,Legacy,Legacy - RSA,Full Food Service,Labatte,Chapman-4
JBSA LACKLAND,TEXAS (TX),Defender,PORTFOLIO 2,AETC,N/A,502 FSS,TSgt Aqueriya Stroud,Legacy,Legacy - RSA,Full Food Service,Labatte,Defender-2
JBSA LACKLAND,TEXAS (TX),Flight Kitchen (FK),PORTFOLIO 2,AETC,N/A,502 FSS,TSgt Aqueriya Stroud,Legacy,Legacy - RSA,Full Food Service,Labatte,N/A
JBSA LACKLAND,TEXAS (TX),Live Oak,PORTFOLIO 2,AETC,N/A,502 FSS,TSgt Aqueriya Stroud,Legacy,Legacy - RSA,Full Food Service,Labatte,Live Oak-4
JBSA LACKLAND,TEXAS (TX),Amigo,PORTFOLIO 2,AETC,N/A,502 FSS,TSgt Aqueriya Stroud,Legacy,Legacy - RSA,Full Food Service,Labatte,Amigo-4
JBSA LACKLAND,TEXAS (TX),SWT,PORTFOLIO 2,AETC,N/A,502 FSS,TSgt Aqueriya Stroud,Legacy,Legacy - RSA,Full Food Service,Labatte,SWT-2
JBSA LACKLAND,TEXAS (TX),Chapman,PORTFOLIO 2,AETC,N/A,502 FSS,TSgt Aqueriya Stroud,Legacy,Legacy - RSA,Full Food Service,Labatte,Chapman-4
JBSA LACKLAND,TEXAS (TX),Defender,PORTFOLIO 2,AETC,N/A,502 FSS,TSgt Aqueriya Stroud,Legacy,Legacy - RSA,Full Food Service,Labatte,Defender-2
JBSA LACKLAND,TEXAS (TX),Flight Kitchen (FK),PORTFOLIO 2,AETC,N/A,502 FSS,TSgt Aqueriya Stroud,Legacy,Legacy - RSA,Full Food Service,Labatte,N/A
JBSA RANDOLPH,TEXAS (TX),Rendezvous DFAC,PORTFOLIO 2,AETC,N/A,802 FSS,Ms. Stephanie Contreras,Food 2.0,Food 2.0 - AB1,Sodexo,Labatte,N/A
KADENA AB,JAPAN,Marshall,PORTFOLIO 1,PACAF,N/A,18 FSS,MSgt Kellie Jones,Legacy,Legacy - LN,Mess Attendant,SFI,2
KADENA AB,JAPAN,Johnson,PORTFOLIO 1,PACAF,N/A,18 FSS,MSgt Kellie Jones,Legacy,Legacy - LN,Mess Attendant,SFI,2
KEESLER AFB,MISSISSIPPI (MS),Azalea,PORTFOLIO 4,AETC,N/A,81 FSS,TSgt Brent Smith,Legacy,Legacy - RSA,Full Food Service,Merchants,"Live Oak–2, Magnolia–4, Azalea-5"
KEESLER AFB,MISSISSIPPI (MS),Azalea,PORTFOLIO 4,AETC,N/A,81 FSS,TSgt Brent Smith,Legacy,Legacy - RSA,Full Food Service,Merchants,"Live Oak–2, Magnolia–4, Azalea-5"
KEESLER AFB,MISSISSIPPI (MS),Azalea,PORTFOLIO 4,AETC,N/A,81 FSS,TSgt Brent Smith,Legacy,Legacy - RSA,Full Food Service,Merchants,"Live Oak–2, Magnolia–4, Azalea-5"
KEESLER AFB,MISSISSIPPI (MS),Azalea,PORTFOLIO 4,AETC,N/A,81 FSS,TSgt Brent Smith,Legacy,Legacy - RSA,Full Food Service,Merchants,"Live Oak–2, Magnolia–4, Azalea-5"
KEESLER AFB,MISSISSIPPI (MS),Live Oak,PORTFOLIO 4,AETC,N/A,81 FSS,TSgt Brent Smith,Legacy,Legacy - RSA,Full Food Service,Merchants,"Live Oak–2, Magnolia–4, Azalea-5"
KEESLER AFB,MISSISSIPPI (MS),Live Oak,PORTFOLIO 4,AETC,N/A,81 FSS,TSgt Brent Smith,Legacy,Legacy - RSA,Full Food Service,Merchants,"Live Oak–2, Magnolia–4, Azalea-5"
KEESLER AFB,MISSISSIPPI (MS),Live Oak,PORTFOLIO 4,AETC,N/A,81 FSS,TSgt Brent Smith,Legacy,Legacy - RSA,Full Food Service,Merchants,"Live Oak–2, Magnolia–4, Azalea-5"
KEESLER AFB,MISSISSIPPI (MS),Live Oak,PORTFOLIO 4,AETC,N/A,81 FSS,TSgt Brent Smith,Legacy,Legacy - RSA,Full Food Service,Merchants,"Live Oak–2, Magnolia–4, Azalea-5"
KEESLER AFB,MISSISSIPPI (MS),Magnolia,PORTFOLIO 4,AETC,N/A,81 FSS,TSgt Brent Smith,Legacy,Legacy - RSA,Full Food Service,Merchants,"Live Oak–2, Magnolia–4, Azalea-5"
KEESLER AFB,MISSISSIPPI (MS),Magnolia,PORTFOLIO 4,AETC,N/A,81 FSS,TSgt Brent Smith,Legacy,Legacy - RSA,Full Food Service,Merchants,"Live Oak–2, Magnolia–4, Azalea-5"
KEESLER AFB,MISSISSIPPI (MS),Magnolia,PORTFOLIO 4,AETC,N/A,81 FSS,TSgt Brent Smith,Legacy,Legacy - RSA,Full Food Service,Merchants,"Live Oak–2, Magnolia–4, Azalea-5"
KEESLER AFB,MISSISSIPPI (MS),Magnolia,PORTFOLIO 4,AETC,N/A,81 FSS,TSgt Brent Smith,Legacy,Legacy - RSA,Full Food Service,Merchants,"Live Oak–2, Magnolia–4, Azalea-5"
KIRTLAND AFB,NEW MEXICO (NM),Thunderbird,PORTFOLIO 2,AFGSC,N/A,377 FSS,TSgt Aqueriya Stroud,Legacy,Legacy - SB,Full Food Service,Labatte,Thunderbird – 3
KLEINE BROGEL AB,BELGIUM,Limburg,PORTFOLIO 4,USAFE,N/A,701 MUNS,TSgt Dante Tillman,Legacy,Legacy - LN - No ESM - No Dorms,Local National Support,TWI,2 (1 inop)
KUNSAN AB,KOREA,O'Malley,PORTFOLIO 1,PACAF,N/A,8 FSS,MSgt Kellie Jones,Legacy,Legacy - LN,Mess Attendant,USFI,7
KUNSAN AB,KOREA,O'Malley,PORTFOLIO 1,PACAF,N/A,8 FSS,MSgt Kellie Jones,Legacy,Legacy - LN,Mess Attendant,USFI,7
KUNSAN AB,KOREA,D-Pad,PORTFOLIO 1,PACAF,N/A,8 FSS,MSgt Kellie Jones,Legacy,Legacy - LN,Mess Attendant,USFI,7
KUNSAN AB,KOREA,D-Pad,PORTFOLIO 1,PACAF,N/A,8 FSS,MSgt Kellie Jones,Legacy,Legacy - LN,Mess Attendant,USFI,7
"LANGLEY, JB",VIRGINIA (VA),Crossbow,PORTFOLIO 4,ACC,N/A,633 FSS,TSgt Dante Tillman,Legacy,Legacy - SB,Mess Attendant,US Foods,Crossbow – 4 Raptor – 4
"LANGLEY, JB",VIRGINIA (VA),Crossbow,PORTFOLIO 4,ACC,N/A,633 FSS,TSgt Dante Tillman,Legacy,Legacy - SB,Mess Attendant,US Foods,Crossbow – 4 Raptor – 4
"LANGLEY, JB",VIRGINIA (VA),Crossbow,PORTFOLIO 4,ACC,N/A,633 FSS,TSgt Dante Tillman,Legacy,Legacy - SB,Mess Attendant,US Foods,Crossbow – 4 Raptor – 4
"LANGLEY, JB",VIRGINIA (VA),Raptor FK,PORTFOLIO 4,ACC,N/A,633 FSS,TSgt Dante Tillman,Legacy,Legacy - SB,Mess Attendant,US Foods,Crossbow – 4 Raptor – 4
"LANGLEY, JB",VIRGINIA (VA),Raptor FK,PORTFOLIO 4,ACC,N/A,633 FSS,TSgt Dante Tillman,Legacy,Legacy - SB,Mess Attendant,US Foods,Crossbow – 4 Raptor – 4
"LANGLEY, JB",VIRGINIA (VA),Raptor FK,PORTFOLIO 4,ACC,N/A,633 FSS,TSgt Dante Tillman,Legacy,Legacy - SB,Mess Attendant,US Foods,Crossbow – 4 Raptor – 4
LITTLE ROCK AFB,ARKANSAS (AR),Hercules DFAC,PORTFOLIO 2,AMC,N/A,19 FSS,Mr. Marlin Carter,Food 2.0,Food 2.0 - AB1,Aramark,Sysco,N/A
LITTLE ROCK AFB,ARKANSAS (AR),Hungry Herc P.O.D.,PORTFOLIO 2,AMC,N/A,19 FSS,Mr. Marlin Carter,Food 2.0,Food 2.0 - AB1,Aramark,Sysco,N/A
LUKE AFB,ARIZONA (AZ),TBD,PORTFOLIO 1,AETC,N/A,56 FSS,Mr. Adam Aguilar,Food 2.0,Food 2.0 - In Development,TBD,US Foods,TBD
LUKE AFB,ARIZONA (AZ),TBD,PORTFOLIO 1,AETC,N/A,56 FSS,Mr. Adam Aguilar,Food 2.0,Food 2.0 - In Development,TBD,US Foods,TBD
MACDILL AFB,FLORIDA (FL),Diner's Reef,PORTFOLIO 4,AMC,N/A,6 FSS,Ms. Stephanie Thomas,Food 2.0,Food 2.0 - AB1,Aramark,Sysco,N/A
MALMSTROM AFB (2.0),MONTANA (MT),Elkhorn DFAC,PORTFOLIO 3,AFGSC,N/A,341 FSS,Mr. Greg Featherstone,Food 2.0,Food 2.0 - AB1,Aramark,Sysco,N/A
MALMSTROM AFB (2.0),MONTANA (MT),Elkhorn DFAC,PORTFOLIO 3,AFGSC,N/A,341 FSS,Mr. Greg Featherstone,Food 2.0,Food 2.0 - AB1,Aramark,Sysco,N/A
MALMSTROM AFB (MAF),MONTANA (MT),MAFFO,PORTFOLIO 3,AFGSC,MAFFO,341 FSS,TSgt Marc Miller-Nelson,MAFFO,N/A,Aramark,Sysco,N/A
MALMSTROM AFB (MAF),MONTANA (MT),MAFFO,PORTFOLIO 3,AFGSC,MAFFO,341 FSS,TSgt Marc Miller-Nelson,MAFFO,N/A,Aramark,Sysco,N/A
MAXWELL AFB,ALABAMA (AL),OTS,PORTFOLIO 4,AETC,N/A,42 FSS,MSgt Chermara Walley,Legacy,Legacy - RSA (NonFood 2.0 Test),Full Food Service,US Foods,"River Front–5, OTS–4..."
MAXWELL AFB,ALABAMA (AL),OTS,PORTFOLIO 4,AETC,N/A,42 FSS,MSgt Chermara Walley,Legacy,Legacy - RSA (NonFood 2.0 Test),Full Food Service,US Foods,"River Front–5, OTS–4..."
MAXWELL AFB,ALABAMA (AL),OTS,PORTFOLIO 4,AETC,N/A,42 FSS,MSgt Chermara Walley,Legacy,Legacy - RSA (NonFood 2.0 Test),Full Food Service,US Foods,"River Front–5, OTS–4..."
MAXWELL AFB,ALABAMA (AL),River Front,PORTFOLIO 4,AETC,N/A,42 FSS,MSgt Chermara Walley,Legacy,Legacy - RSA (NonFood 2.0 Test),Full Food Service,US Foods,"River Front–5, OTS–4..."
MAXWELL AFB,ALABAMA (AL),River Front,PORTFOLIO 4,AETC,N/A,42 FSS,MSgt Chermara Walley,Legacy,Legacy - RSA (NonFood 2.0 Test),Full Food Service,US Foods,"River Front–5, OTS–4..."
MAXWELL AFB,ALABAMA (AL),River Front,PORTFOLIO 4,AETC,N/A,42 FSS,MSgt Chermara Walley,Legacy,Legacy - RSA (NonFood 2.0 Test),Full Food Service,US Foods,"River Front–5, OTS–4..."
"MCCHORD, JBL",WASHINGTON (WA),Olympic,PORTFOLIO 1,AMC,N/A,627 FSS,TSgt Amy Sherwood,Legacy,Legacy - SB,Sysco,Olympic – 4,0
MCCONNELL AFB,KANSAS (KS),Chisholm DFAC,PORTFOLIO 3,AMC,N/A,22 FSS,Ms. Treva Sahadat,Food 2.0,Food 2.0 - AB1,Aramark,Sysco,N/A
"MCGUIRE, JB",NEW JERSEY (NJ),Halvorsen Hall DFAC,PORTFOLIO 4,AMC,N/A,87 FSS,Mr. Tyrone Merriweather,Food 2.0,Food 2.0 - AB1,Aramark,Renzi FoodService,N/A
"MCGUIRE, JB",NEW JERSEY (NJ),Extended Eatery,PORTFOLIO 4,AMC,N/A,87 FSS,Mr. Tyrone Merriweather,Food 2.0,Food 2.0 - AB1,Aramark,Renzi FoodService,N/A
MILDENHALL AB,UNITED KINGDOM (UK),Gateway,PORTFOLIO 4,USAFE,N/A,100 FSS,TSgt Brent Smith,Legacy,Legacy - LN,Mess Attendant,TWI,1 (3 inop)
MINOT AFB (2.0),NORTH DAKOTA (ND),Dakota Inn DFAC,PORTFOLIO 3,AFGSC,N/A,5 FSS,Mr. Greg Featherstone,Food 2.0,Food 2.0 - AB1,Sodexo,US Foods,N/A
MINOT AFB (2.0),NORTH DAKOTA (ND),Dakota Inn DFAC,PORTFOLIO 3,AFGSC,N/A,5 FSS,Mr. Greg Featherstone,Food 2.0,Food 2.0 - AB1,Sodexo,US Foods,N/A
MINOT AFB (MAF),NORTH DAKOTA (ND),MAFFO,PORTFOLIO 3,AFGSC,MAFFO,5 FSS,TSgt Marc Miller-Nelson,MAFFO,N/A,Sodexo,US Foods,N/A
MINOT AFB (MAF),NORTH DAKOTA (ND),MAFFO,PORTFOLIO 3,AFGSC,MAFFO,5 FSS,TSgt Marc Miller-Nelson,MAFFO,N/A,Sodexo,US Foods,N/A
MISAWA AB,JAPAN,Falcon Feeder,PORTFOLIO 1,PACAF,N/A,35 FSS,MSgt Kellie Jones,Legacy,Legacy - LN (NonFood 2.0 Test),Mess Attendant,Coastal Pacific,3 (1 inop)
MISAWA AB,JAPAN,Falcon Feeder,PORTFOLIO 1,PACAF,N/A,35 FSS,MSgt Kellie Jones,Legacy,Legacy - LN (NonFood 2.0 Test),Mess Attendant,Coastal Pacific,3 (1 inop)
MISAWA AB,JAPAN,Grissom,PORTFOLIO 1,PACAF,N/A,35 FSS,MSgt Kellie Jones,Legacy,Legacy - LN (NonFood 2.0 Test),Mess Attendant,Coastal Pacific,3 (1 inop)
MISAWA AB,JAPAN,Grissom,PORTFOLIO 1,PACAF,N/A,35 FSS,MSgt Kellie Jones,Legacy,Legacy - LN (NonFood 2.0 Test),Mess Attendant,Coastal Pacific,3 (1 inop)
MOODY AFB,GEORGIA (GA),Georgia Pines,PORTFOLIO 4,ACC,N/A,23 FSS,MSgt Chermara Walley,Legacy,Legacy - SB,Mess Attendant,Reinhardt,Georgia Pines – 2
MORON AB,SPAIN,El Comedor,PORTFOLIO 4,USAFE,N/A,496 FSS,MSgt Chermara Walley,Legacy,Legacy - BOS - No ESM,Full Food Service,Ebrex,N/A
MOUNTAIN HOME AFB,IDAHO (ID),Wagon Wheel,PORTFOLIO 3,ACC,N/A,366 FSS,TSgt Emilee Hinson,Legacy,Legacy - SB (NonFood 2.0 Test),Mess Attendant,Sysco,N/A
NELLIS AFB,NEVADA (NV),Crosswinds Inn,PORTFOLIO 1,ACC,N/A,99 FSS,Mr. Adam Aguilar,Food 2.0,Food 2.0 - AB1,Sodexo,US Foods,N/A
NELLIS AFB,NEVADA (NV),Crosswinds Inn,PORTFOLIO 1,ACC,N/A,99 FSS,Mr. Adam Aguilar,Food 2.0,Food 2.0 - AB1,Sodexo,US Foods,N/A
NELLIS AFB,NEVADA (NV),Crosswinds Inn,PORTFOLIO 1,ACC,N/A,99 FSS,Mr. Adam Aguilar,Food 2.0,Food 2.0 - AB1,Sodexo,US Foods,N/A
NELLIS AFB,NEVADA (NV),Crosswinds Inn,PORTFOLIO 1,ACC,N/A,99 FSS,Mr. Adam Aguilar,Food 2.0,Food 2.0 - AB1,Sodexo,US Foods,N/A
NELLIS AFB,NEVADA (NV),Touch & Go,PORTFOLIO 1,ACC,N/A,99 FSS,Mr. Adam Aguilar,Food 2.0,Food 2.0 - AB1,Sodexo,US Foods,N/A
NELLIS AFB,NEVADA (NV),Touch & Go,PORTFOLIO 1,ACC,N/A,99 FSS,Mr. Adam Aguilar,Food 2.0,Food 2.0 - AB1,Sodexo,US Foods,N/A
NELLIS AFB,NEVADA (NV),Touch & Go,PORTFOLIO 1,ACC,N/A,99 FSS,Mr. Adam Aguilar,Food 2.0,Food 2.0 - AB1,Sodexo,US Foods,N/A
NELLIS AFB,NEVADA (NV),Touch & Go,PORTFOLIO 1,ACC,N/A,99 FSS,Mr. Adam Aguilar,Food 2.0,Food 2.0 - AB1,Sodexo,US Foods,N/A
OFFUTT AFB,NEBRASKA (NE),King Dining Facility,PORTFOLIO 3,ACC,N/A,55 FSS,Mr. Greg Featherstone,Food 2.0,Food 2.0 - In Development,N/A,US Foods,N/A
OFFUTT AFB,NEBRASKA (NE),Campisi Alert Facility,PORTFOLIO 3,ACC,N/A,55 FSS,Mr. Greg Featherstone,Food 2.0,Food 2.0 - In Development,N/A,US Foods,N/A
OSAN AB,KOREA,Ginkgo Tree,PORTFOLIO 1,PACAF,N/A,51 FSS,TSgt Annette Hartman,Legacy,Legacy - LN,Mess Attendant,USFI,8 (1 inop)
OSAN AB,KOREA,Ginkgo Tree,PORTFOLIO 1,PACAF,N/A,51 FSS,TSgt Annette Hartman,Legacy,Legacy - LN,Mess Attendant,USFI,8 (1 inop)
OSAN AB,KOREA,Ginkgo Tree,PORTFOLIO 1,PACAF,N/A,51 FSS,TSgt Annette Hartman,Legacy,Legacy - LN,Mess Attendant,USFI,8 (1 inop)
OSAN AB,KOREA,Pacific House,PORTFOLIO 1,PACAF,N/A,51 FSS,TSgt Annette Hartman,Legacy,Legacy - LN,Mess Attendant,USFI,8 (1 inop)
OSAN AB,KOREA,Pacific House,PORTFOLIO 1,PACAF,N/A,51 FSS,TSgt Annette Hartman,Legacy,Legacy - LN,Mess Attendant,USFI,8 (1 inop)
OSAN AB,KOREA,Pacific House,PORTFOLIO 1,PACAF,N/A,51 FSS,TSgt Annette Hartman,Legacy,Legacy - LN,Mess Attendant,USFI,8 (1 inop)
PATRICK SFB,FLORIDA (FL),Riverside DFAC,PORTFOLIO 4,USSF,N/A,45 FSS,Ms. Stephanie Thomas,Food 2.0,Food 2.0 - AB1,Aramark,Sysco,N/A
RAF LAKENHEATH,UNITED KINGDOM (UK),Knights Table,PORTFOLIO 4,USAFE,N/A,48 FSS,TSgt Dante Tillman,Legacy,Legacy - LN,Local National Support,TWI,3
RAF LAKENHEATH,UNITED KINGDOM (UK),Knights Table,PORTFOLIO 4,USAFE,N/A,48 FSS,TSgt Dante Tillman,Legacy,Legacy - LN,Local National Support,TWI,3
RAF LAKENHEATH,UNITED KINGDOM (UK),Knights Table,PORTFOLIO 4,USAFE,N/A,48 FSS,TSgt Dante Tillman,Legacy,Legacy - LN,Local National Support,TWI,3
RAMSTEIN AB,GERMANY,Rheinland Inn,PORTFOLIO 4,USAFE,N/A,N/A,MSgt Chermara Walley,Legacy,Legacy - LN,Mess Attendant,TWI,8
RAMSTEIN AB,GERMANY,Rheinland Inn,PORTFOLIO 4,USAFE,N/A,N/A,MSgt Chermara Walley,Legacy,Legacy - LN,Mess Attendant,TWI,8
RAMSTEIN AB,GERMANY,Rheinland Inn,PORTFOLIO 4,USAFE,N/A,N/A,MSgt Chermara Walley,Legacy,Legacy - LN,Mess Attendant,TWI,8
RAMSTEIN AB,GERMANY,Rheinland Inn,PORTFOLIO 4,USAFE,N/A,N/A,MSgt Chermara Walley,Legacy,Legacy - LN,Mess Attendant,TWI,8
RAMSTEIN AB,GERMANY,Lindberghof,PORTFOLIO 4,USAFE,N/A,N/A,MSgt Chermara Walley,Legacy,Legacy - LN,Mess Attendant,TWI,8
RAMSTEIN AB,GERMANY,Lindberghof,PORTFOLIO 4,USAFE,N/A,N/A,MSgt Chermara Walley,Legacy,Legacy - LN,Mess Attendant,TWI,8
RAMSTEIN AB,GERMANY,Lindberghof,PORTFOLIO 4,USAFE,N/A,N/A,MSgt Chermara Walley,Legacy,Legacy - LN,Mess Attendant,TWI,8
RAMSTEIN AB,GERMANY,Lindberghof,PORTFOLIO 4,USAFE,N/A,N/A,MSgt Chermara Walley,Legacy,Legacy - LN,Mess Attendant,TWI,8
RAMSTEIN AB,GERMANY,Jawbone FK,PORTFOLIO 4,USAFE,N/A,N/A,MSgt Chermara Walley,Legacy,Legacy - LN,Mess Attendant,TWI,8
RAMSTEIN AB,GERMANY,Jawbone FK,PORTFOLIO 4,USAFE,N/A,N/A,MSgt Chermara Walley,Legacy,Legacy - LN,Mess Attendant,TWI,8
RAMSTEIN AB,GERMANY,Jawbone FK,PORTFOLIO 4,USAFE,N/A,N/A,MSgt Chermara Walley,Legacy,Legacy - LN,Mess Attendant,TWI,8
RAMSTEIN AB,GERMANY,Jawbone FK,PORTFOLIO 4,USAFE,N/A,N/A,MSgt Chermara Walley,Legacy,Legacy - LN,Mess Attendant,TWI,8
RAMSTEIN AB,GERMANY,Silver Flag,PORTFOLIO 4,USAFE,SILVER FLAG,N/A,MSgt Chermara Walley,Legacy,Legacy - LN,Local National Support,TWI,Silver Flag – N/A
RAMSTEIN AB,GERMANY,Silver Flag,PORTFOLIO 4,USAFE,SILVER FLAG,N/A,MSgt Chermara Walley,Legacy,Legacy - LN,Local National Support,TWI,Silver Flag – N/A
RAMSTEIN AB,GERMANY,Silver Flag,PORTFOLIO 4,USAFE,SILVER FLAG,N/A,MSgt Chermara Walley,Legacy,Legacy - LN,Local National Support,TWI,Silver Flag – N/A
RAMSTEIN AB,GERMANY,Silver Flag,PORTFOLIO 4,USAFE,SILVER FLAG,N/A,MSgt Chermara Walley,Legacy,Legacy - LN,Local National Support,TWI,Silver Flag – N/A
ROBINS AFB,GEORGIA (GA),Wynn,PORTFOLIO 4,AFRC,N/A,78 FSS,TSgt Brent Smith,Legacy,Legacy - RSA,Full Food Service,Reinhardt,Wynn – 4 FK – 1
SCHRIEVER SFB,COLORADO (CO),Satellite Dish,PORTFOLIO 3,USSF,N/A,50 FSS,TSgt Emilee Hinson,Legacy,Legacy - RSA,Full Food Service,Shamrock,Satellite Dish – 4
SCHRIEVER SFB,COLORADO (CO),Satellite Dish,PORTFOLIO 3,USSF,N/A,50 FSS,TSgt Emilee Hinson,Legacy,Legacy - RSA,Full Food Service,Shamrock,Satellite Dish – 4
SCOTT AFB,ILLINOIS (IL),Nightingale Inn,PORTFOLIO 3,AMC,N/A,375 FSS,Mr. Greg Featherstone,Food 2.0,Food 2.0 - AB1,Sodexo,US Foods,N/A
SEYMOUR AFB,NORTH CAROLINA (NC),Southern Eagle DFAC,PORTFOLIO 4,ACC,N/A,4 FSS,Mr. Tyrone Merriweather,Food 2.0,Food 2.0 - AB1,Sodexo,Sysco,N/A
SEYMOUR AFB,NORTH CAROLINA (NC),Afterburner,PORTFOLIO 4,ACC,N/A,4 FSS,Mr. Tyrone Merriweather,Food 2.0,Food 2.0 - AB1,Sodexo,Sysco,N/A
SHAW AFB,SOUTH CAROLINA (SC),CMSgt Williams DFAC,PORTFOLIO 4,ACC,N/A,20 FSS,Mr. Tyrone Merriweather,Food 2.0,Food 2.0 - In Development,N/A,US Foods,N/A
SHEPPARD AFB,TEXAS (TX),Mesquite,PORTFOLIO 2,AETC,N/A,82 FSS,TSgt Aqueriya Stroud,Legacy,Food 2.0 - In Development,Full Food Service,US Foods,"Mesquite–8, Sage-8"
SHEPPARD AFB,TEXAS (TX),Mesquite,PORTFOLIO 2,AETC,N/A,82 FSS,TSgt Aqueriya Stroud,Legacy,Food 2.0 - In Development,Full Food Service,US Foods,"Mesquite–8, Sage-8"
SHEPPARD AFB,TEXAS (TX),Mesquite,PORTFOLIO 2,AETC,N/A,82 FSS,TSgt Aqueriya Stroud,Legacy,Food 2.0 - In Development,Full Food Service,US Foods,"Mesquite–8, Sage-8"
SHEPPARD AFB,TEXAS (TX),Mesquite,PORTFOLIO 2,AETC,N/A,82 FSS,TSgt Aqueriya Stroud,Legacy,Food 2.0 - In Development,Full Food Service,US Foods,"Mesquite–8, Sage-8"
SHEPPARD AFB,TEXAS (TX),Mesquite,PORTFOLIO 2,AETC,N/A,82 FSS,TSgt Aqueriya Stroud,Legacy,Food 2.0 - In Development,Full Food Service,US Foods,"Mesquite–8, Sage-8"
SHEPPARD AFB,TEXAS (TX),Sagebrush,PORTFOLIO 2,AETC,N/A,82 FSS,TSgt Aqueriya Stroud,Legacy,Food 2.0 - In Development,Full Food Service,US Foods,"Mesquite–8, Sage-8"
SHEPPARD AFB,TEXAS (TX),Sagebrush,PORTFOLIO 2,AETC,N/A,82 FSS,TSgt Aqueriya Stroud,Legacy,Food 2.0 - In Development,Full Food Service,US Foods,"Mesquite–8, Sage-8"
SHEPPARD AFB,TEXAS (TX),Sagebrush,PORTFOLIO 2,AETC,N/A,82 FSS,TSgt Aqueriya Stroud,Legacy,Food 2.0 - In Development,Full Food Service,US Foods,"Mesquite–8, Sage-8"
SHEPPARD AFB,TEXAS (TX),Sagebrush,PORTFOLIO 2,AETC,N/A,82 FSS,TSgt Aqueriya Stroud,Legacy,Food 2.0 - In Development,Full Food Service,US Foods,"Mesquite–8, Sage-8"
SHEPPARD AFB,TEXAS (TX),Sagebrush,PORTFOLIO 2,AETC,N/A,82 FSS,TSgt Aqueriya Stroud,Legacy,Food 2.0 - In Development,Full Food Service,US Foods,"Mesquite–8, Sage-8"
SHEPPARD AFB,TEXAS (TX),Tumbleweed,PORTFOLIO 2,AETC,N/A,82 FSS,TSgt Aqueriya Stroud,Legacy,Food 2.0 - In Development,Full Food Service,US Foods,"Mesquite–8, Sage-8"
SHEPPARD AFB,TEXAS (TX),Tumbleweed,PORTFOLIO 2,AETC,N/A,82 FSS,TSgt Aqueriya Stroud,Legacy,Food 2.0 - In Development,Full Food Service,US Foods,"Mesquite–8, Sage-8"
SHEPPARD AFB,TEXAS (TX),Tumbleweed,PORTFOLIO 2,AETC,N/A,82 FSS,TSgt Aqueriya Stroud,Legacy,Food 2.0 - In Development,Full Food Service,US Foods,"Mesquite–8, Sage-8"
SHEPPARD AFB,TEXAS (TX),Tumbleweed,PORTFOLIO 2,AETC,N/A,82 FSS,TSgt Aqueriya Stroud,Legacy,Food 2.0 - In Development,Full Food Service,US Foods,"Mesquite–8, Sage-8"
SHEPPARD AFB,TEXAS (TX),Tumbleweed,PORTFOLIO 2,AETC,N/A,82 FSS,TSgt Aqueriya Stroud,Legacy,Food 2.0 - In Development,Full Food Service,US Foods,"Mesquite–8, Sage-8"
SPANGDAHLEM AB,GERMANY,Mosel Inn,PORTFOLIO 4,USAFE,N/A,52 FSS,TSgt Dante Tillman,Legacy,Legacy - LN,Local National Support,TWI,3
SPANGDAHLEM AB,GERMANY,Mosel Inn,PORTFOLIO 4,USAFE,N/A,52 FSS,TSgt Dante Tillman,Legacy,Legacy - LN,Local National Support,TWI,3
SPANGDAHLEM AB,GERMANY,FK,PORTFOLIO 4,USAFE,N/A,52 FSS,TSgt Dante Tillman,Legacy,Legacy - LN,Local National Support,TWI,3
SPANGDAHLEM AB,GERMANY,FK,PORTFOLIO 4,USAFE,N/A,52 FSS,TSgt Dante Tillman,Legacy,Legacy - LN,Local National Support,TWI,3
TINKER AFB,OKLAHOMA (OK),Vanwey,PORTFOLIO 2,AFMC,N/A,72 FSS,TSgt Aqueriya Stroud,Legacy,Food 2.0 - In Development,Full Food Service,US Foods,Vanwey 3 (inop)
TRAVIS AFB,CALIFORNIA (CA),Sierra Inn DFAC,PORTFOLIO 1,AMC,N/A,60 FSS,Mr. Randy Spaulding,Food 2.0,Food 2.0 - AB1,Aramark,US Foods,N/A
TRAVIS AFB,CALIFORNIA (CA),Sierra Inn DFAC,PORTFOLIO 1,AMC,N/A,60 FSS,Mr. Randy Spaulding,Food 2.0,Food 2.0 - AB1,Aramark,US Foods,N/A
TRAVIS AFB,CALIFORNIA (CA),Knucklbuster,PORTFOLIO 1,AMC,N/A,60 FSS,Mr. Randy Spaulding,Food 2.0,Food 2.0 - AB1,Aramark,US Foods,N/A
TRAVIS AFB,CALIFORNIA (CA),Knucklbuster,PORTFOLIO 1,AMC,N/A,60 FSS,Mr. Randy Spaulding,Food 2.0,Food 2.0 - AB1,Aramark,US Foods,N/A
TYNDALL AFB,FLORIDA (FL),Berg Liles,PORTFOLIO 4,ACC,N/A,325 FSS,MSgt Chermara Walley,Legacy,Legacy - SB,Mess Attendant,Sysco,Berg-Liles – 2
TYNDALL AFB,FLORIDA (FL),Berg Liles,PORTFOLIO 4,ACC,N/A,325 FSS,MSgt Chermara Walley,Legacy,Legacy - SB,Mess Attendant,Sysco,Berg-Liles – 2
TYNDALL AFB,FLORIDA (FL),Raptor Quick Turn,PORTFOLIO 4,ACC,N/A,325 FSS,MSgt Chermara Walley,Legacy,Legacy - SB,Mess Attendant,Sysco,N/A
TYNDALL AFB,FLORIDA (FL),Raptor Quick Turn,PORTFOLIO 4,ACC,N/A,325 FSS,MSgt Chermara Walley,Legacy,Legacy - SB,Mess Attendant,Sysco,N/A
TYNDALL AFB,FLORIDA (FL),Silver Flag,PORTFOLIO 4,ACC,SILVER FLAG,325 FSS,MSgt Chermara Walley,Legacy,Legacy - SB,Mess Attendant,Sysco,Silver Flag – N/A
TYNDALL AFB,FLORIDA (FL),Silver Flag,PORTFOLIO 4,ACC,SILVER FLAG,325 FSS,MSgt Chermara Walley,Legacy,Legacy - SB,Mess Attendant,Sysco,Silver Flag – N/A
USAF ACADEMY,COLORADO (CO),High Country Inn,PORTFOLIO 3,USAFA,N/A,10 FSS,TSgt Emilee Hinson,Legacy,Legacy - RSA,Full Food Service,Shamrock,High Country – 4
VANDENBERG,CALIFORNIA (CA),Beachcombers DFAC,PORTFOLIO 1,USSF,N/A,30 FSS,Mr. Randy Spaulding,Food 2.0,Food 2.0 - AB1,Sodexo,US Foods,N/A
VANDENBERG,CALIFORNIA (CA),Beachcombers DFAC,PORTFOLIO 1,USSF,N/A,30 FSS,Mr. Randy Spaulding,Food 2.0,Food 2.0 - AB1,Sodexo,US Foods,N/A
VANDENBERG,CALIFORNIA (CA),Breakers DFAC,PORTFOLIO 1,USSF,N/A,30 FSS,Mr. Randy Spaulding,Food 2.0,Food 2.0 - AB1,Sodexo,US Foods,N/A
VANDENBERG,CALIFORNIA (CA),Breakers DFAC,PORTFOLIO 1,USSF,N/A,30 FSS,Mr. Randy Spaulding,Food 2.0,Food 2.0 - AB1,Sodexo,US Foods,N/A
VOLKEL AB,NETHERLANDS,Eagle's Perch,PORTFOLIO 4,USAFE,N/A,86 FSS,MSgt Chermara Walley,Legacy,Legacy - LN - No ESM - No Dorms,Local National Support,TWI,3
WHITEMAN AFB,MISSOURI (MO),Ozark Inn,PORTFOLIO 3,AFGSC,N/A,509 FSS,TSgt Marc Miller-Nelson,Legacy,Legacy - SB,Mess Attendant,US Foods,DFAC – 3 FK-1
WHITEMAN AFB,MISSOURI (MO),Ozark Inn,PORTFOLIO 3,AFGSC,N/A,509 FSS,TSgt Marc Miller-Nelson,Legacy,Legacy - SB,Mess Attendant,US Foods,DFAC – 3 FK-1
WHITEMAN AFB,MISSOURI (MO),Touch & Go,PORTFOLIO 3,AFGSC,N/A,509 FSS,TSgt Marc Miller-Nelson,Legacy,Legacy - SB,Mess Attendant,US Foods,DFAC – 3 FK-1
WHITEMAN AFB,MISSOURI (MO),Touch & Go,PORTFOLIO 3,AFGSC,N/A,509 FSS,TSgt Marc Miller-Nelson,Legacy,Legacy - SB,Mess Attendant,US Foods,DFAC – 3 FK-1
WRIGHT PATTERSON AFB,OHIO (OH),Pitsenbarger,PORTFOLIO 3,AFMC,N/A,88 FSS,TSgt Emilee Hinson,Legacy,Legacy - RSA,Full Food Service,Sysco,Pitsenbarger – 2 HPW-1
WRIGHT PATTERSON AFB,OHIO (OH),Pitsenbarger,PORTFOLIO 3,AFMC,N/A,88 FSS,TSgt Emilee Hinson,Legacy,Legacy - RSA,Full Food Service,Sysco,Pitsenbarger – 2 HPW-1
WRIGHT PATTERSON AFB,OHIO (OH),Pitsenbarger,PORTFOLIO 3,AFMC,N/A,88 FSS,TSgt Emilee Hinson,Legacy,Legacy - RSA,Full Food Service,Sysco,Pitsenbarger – 2 HPW-1
WRIGHT PATTERSON AFB,OHIO (OH),HPW Dining Facility,PORTFOLIO 3,AFMC,N/A,88 FSS,TSgt Emilee Hinson,Legacy,Legacy - RSA,Full Food Service,Sysco,Pitsenbarger – 2 HPW-1
WRIGHT PATTERSON AFB,OHIO (OH),HPW Dining Facility,PORTFOLIO 3,AFMC,N/A,88 FSS,TSgt Emilee Hinson,Legacy,Legacy - RSA,Full Food Service,Sysco,Pitsenbarger – 2 HPW-1
WRIGHT PATTERSON AFB,OHIO (OH),HPW Dining Facility,PORTFOLIO 3,AFMC,N/A,88 FSS,TSgt Emilee Hinson,Legacy,Legacy - RSA,Full Food Service,Sysco,Pitsenbarger – 2 HPW-1
YOKOTA AB,JAPAN,Samurai Café,PORTFOLIO 1,PACAF,N/A,374 FSS,TSgt Annette Hartman,Legacy,Legacy - LN,Mess Attendant,Coastal Pacific,3
AL DHAFRA AB (ADAB),UNITED ARAB EMIRATES,Chapman Community Center,PORTFOLIO 4,AFCENT,COCOM HQ,N/A,MSgt Rodney Worthen,Deployed / Field Feeding,N/A,N/A,Valiant,N/A
AL UDEID AB (AUAB),QATAR,Indy,PORTFOLIO 4,AFCENT,COCOM HQ,N/A,MSgt Rodney Worthen,Deployed / Field Feeding,N/A,N/A,OFI(Ocean Fair),N/A
AL UDEID AB (AUAB),QATAR,BPC CAC,PORTFOLIO 4,AFCENT,COCOM HQ,N/A,MSgt Rodney Worthen,Deployed / Field Feeding,N/A,N/A,OFI(Ocean Fair),N/A
AL UDEID AB (AUAB),QATAR,Falcon,PORTFOLIO 4,AFCENT,COCOM HQ,N/A,MSgt Rodney Worthen,Deployed / Field Feeding,N/A,N/A,OFI(Ocean Fair),N/A
AL UDEID AB (AUAB),QATAR,Fox Sports,PORTFOLIO 4,AFCENT,COCOM HQ,N/A,MSgt Rodney Worthen,Deployed / Field Feeding,N/A,N/A,OFI(Ocean Fair),N/A
AL UDEID AB (AUAB),QATAR,Kasbah,PORTFOLIO 4,AFCENT,COCOM HQ,N/A,MSgt Rodney Worthen,Deployed / Field Feeding,N/A,N/A,OFI(Ocean Fair),N/A
AL UDEID AB (AUAB),QATAR,Pearl,PORTFOLIO 4,AFCENT,COCOM HQ,N/A,MSgt Rodney Worthen,Deployed / Field Feeding,N/A,N/A,OFI(Ocean Fair),N/A
AL UDEID AB (AUAB),QATAR,Quick Turn Cold Grab n Go,PORTFOLIO 4,AFCENT,COCOM HQ,N/A,MSgt Rodney Worthen,Deployed / Field Feeding,N/A,N/A,OFI(Ocean Fair),N/A
AL UDEID AB (AUAB),QATAR,Rations,PORTFOLIO 4,AFCENT,COCOM HQ,N/A,MSgt Rodney Worthen,Deployed / Field Feeding,N/A,N/A,OFI(Ocean Fair),N/A
AL UDEID AB (AUAB),QATAR,The Kitchen Hot Grab n Go,PORTFOLIO 4,AFCENT,COCOM HQ,N/A,MSgt Rodney Worthen,Deployed / Field Feeding,N/A,N/A,OFI(Ocean Fair),N/A
ALI AL SALEM AB (AASAB),KUWAIT,Drop Zone,PORTFOLIO 4,AFCENT,COCOM HQ,N/A,MSgt Rodney Worthen,Deployed / Field Feeding,N/A,N/A,Global Food,N/A
CAMP SIMBA,KENYA,N/A,PORTFOLIO 4,AFAFRICA,COCOM HQ,N/A,MSgt Rodney Worthen,Deployed / Field Feeding,N/A,N/A,Valiant,N/A
MUWAFFAQ SALTI AB (MSAB),JORDAN,KSPAN,PORTFOLIO 4,AFCENT,COCOM HQ,N/A,MSgt Rodney Worthen,Deployed / Field Feeding,N/A,N/A,N/A,N/A
MUWAFFAQ SALTI AB (MSAB),JORDAN,RTV,PORTFOLIO 4,AFCENT,COCOM HQ,N/A,MSgt Rodney Worthen,Deployed / Field Feeding,N/A,N/A,N/A,N/A
PRINCE SULTAN AB (PSAB),SAUDI ARABIA,N/A,PORTFOLIO 4,AFCENT,COCOM HQ,N/A,MSgt Rodney Worthen,Deployed / Field Feeding,N/A,N/A,OFI(Ocean Fair),N/A
AL JABER AB,JORDAN,DFAC,PORTFOLIO 4,AFCENT,COCOM HQ,N/A,MSgt Rodney Worthen,Deployed / Field Feeding,N/A,N/A,Global Food,N/A
AL JABER AB,KUWAIT,DFAC,PORTFOLIO 4,AFCENT,COCOM HQ,N/A,MSgt Rodney Worthen,Deployed / Field Feeding,N/A,N/A,Global Food,N/A
AL JABER AB,KUWAIT,DFAC,PORTFOLIO 4,AFCENT,COCOM HQ,N/A,MSgt Rodney Worthen,Deployed / Field Feeding,N/A,N/A,Global Food,N/A
AB101 NIAMEY,NIGER,DFAC,PORTFOLIO 4,AFAFRICA,COCOM HQ,N/A,MSgt Rodney Worthen,Deployed / Field Feeding,N/A,N/A,N/A,N/A
AB101 NIAMEY,NIGER,DFAC,PORTFOLIO 4,AFAFRICA,COCOM HQ,N/A,MSgt Rodney Worthen,Deployed / Field Feeding,N/A,N/A,N/A,N/A
AB201 AGADEZ,NIGER,DFAC,PORTFOLIO 4,AFAFRICA,COCOM HQ,N/A,MSgt Rodney Worthen,Deployed / Field Feeding,N/A,N/A,TWI,N/A
AB201 AGADEZ,NIGER,DFAC,PORTFOLIO 4,AFAFRICA,COCOM HQ,N/A,MSgt Rodney Worthen,Deployed / Field Feeding,N/A,N/A,TWI,N/A
ARNOLD AFB,TENNESSEE (TN),NO DFAC,N/A,AFMC,N/A,N/A,N/A,N/A,N/A,N/A,N/A,N/A
BOLLING AFB,MARYLAND (MD),NO DFAC,N/A,AFDW,N/A,N/A,N/A,N/A,N/A,N/A,N/A,N/A
BUCKLEY SFB,COLORADO (CO),NO DFAC,N/A,USSF,N/A,N/A,N/A,N/A,N/A,N/A,N/A,N/A
CAPE CANAVERAL SFS,FLORIDA (FL),NO DFAC,N/A,USSF,N/A,N/A,N/A,N/A,N/A,N/A,N/A,N/A
CAPE COD SFS,MASSACHUSETTS (MA),NO DFAC,N/A,USSF,N/A,N/A,N/A,N/A,N/A,N/A,N/A,N/A
CAVALIER SFS,NORTH DAKOTA (ND),NO DFAC,N/A,USSF,N/A,N/A,N/A,N/A,N/A,N/A,N/A,N/A
CHEYENNE MOUNTAIN SFB,COLORADO (CO),NO DFAC,N/A,USSF,N/A,N/A,N/A,N/A,N/A,N/A,N/A,N/A
COLUMBUS AFB,MISSISSIPPI (MS),NO DFAC,N/A,AETC,N/A,N/A,N/A,N/A,N/A,N/A,N/A,N/A
EARECKSON AFS,ALASKA (AK),NO DFAC,N/A,PACAF,N/A,N/A,N/A,N/A,N/A,N/A,N/A,N/A
HANSCOM AFB,MASSACHUSETTS (MA),NO DFAC,N/A,AFMC,N/A,N/A,N/A,N/A,N/A,N/A,N/A,N/A
IZMIR AB,TURKEY,NO DFAC,N/A,USAFE,N/A,N/A,N/A,N/A,N/A,N/A,N/A,N/A
LAJES FIELD,PORTUGAL,NO DFAC,N/A,USAFE,N/A,N/A,N/A,N/A,N/A,N/A,N/A,N/A
LAUGHLIN AFB,TEXAS (TX),NO DFAC,N/A,AETC,N/A,N/A,N/A,N/A,N/A,N/A,N/A,N/A
LOS ANGELES AFB,CALIFORNIA (CA),NO DFAC,N/A,USSF,N/A,N/A,N/A,N/A,N/A,N/A,N/A,N/A
NEW BOSTON SFS,NEW HAMPSHIRE (NH),NO DFAC,N/A,USSF,N/A,N/A,N/A,N/A,N/A,N/A,N/A,N/A
RAF FYLINGDALES SFS,UNITED KINGDOM (UK),NO DFAC,N/A,USAFE,N/A,N/A,N/A,N/A,N/A,N/A,N/A,N/A
RAF MOLESWORTH,UNITED KINGDOM (UK),NO DFAC,N/A,USAFE,N/A,N/A,N/A,N/A,N/A,N/A,N/A,N/A
VANCE AFB,OKLAHOMA (OK),NO DFAC,N/A,AETC,N/A,N/A,N/A,N/A,N/A,N/A,N/A,N/A
PITUFFIK SB,GREENLAND,NO DFAC,N/A,USSF,N/A,N/A,N/A,N/A,N/A,N/A,N/A,N/A
JBAB - ANACOSTIA,DISTRICT OF COLUMBIA (DC),NO DFAC,N/A,AFDW,N/A,N/A,N/A,N/A,N/A,N/A,N/A,N/A
