List,Column name (type this EXACTLY),Type,Required,Index it,Choices
MF Installation,Installation_ID,Text,Yes,Yes,
MF Installation,Installation_Name,Text,Yes,No,
MF Installation,Source_Installation_String,Text,No,No,
MF Installation,Location,Text,No,No,
MF Installation,Portfolio_ID,Text,Yes,Yes,
MF Installation,MAJCOM,Text,No,No,
MF Installation,Component,Choice,Yes,No,Active; ANG; AFRC
MF Installation,EOM_Folder_URL,URL,No,No,
MF Installation,Generation_Enabled,Boolean,Yes,Yes,
MF Installation,Registry_Validated_By,Text,No,No,
MF Installation,Registry_Validated_Date,DateTime,No,No,
MF Installation,Source_System,Text,No,No,
MF Installation,Needs_Review_Flag,Boolean,No,No,
MF Installation,DODAAC,Text,No,No,
MF Installation,DODAAD,Text,No,No,
MF Installation,Org_Box_Email,Text,No,No,
MF Installation,Official_POC_UPN,Text,No,No,
MF Installation,Active_Flag,Boolean,Yes,Yes,
MF Facility,Facility_ID,Text,Yes,Yes,
MF Facility,Installation_ID,Text,Yes,Yes,
MF Facility,Facility_Name,Text,Yes,No,
MF Facility,Designation,Text,No,No,
MF Facility,Unit,Text,No,No,
MF Facility,Facility_Type,Choice,No,No,Main DFAC; Flight Kitchen; Kiosk; Satellite; MAF; Contract Cafe
MF Facility,Operating_Model,Choice,No,Yes,Legacy/APF; Food 2.0; MAFFO/MAF; AOR/CDS
MF Facility,Source_Operating_Model,Text,No,No,
MF Facility,Program_Type,Text,No,No,
MF Facility,Contract_Type,Text,No,No,
MF Facility,Primary_PV,Text,No,No,
MF Facility,POS_Terminals_Raw,Text,No,No,
MF Facility,POC_Display_Name,Text,No,No,
MF Facility,In_R1_Scope,Boolean,No,Yes,
MF Facility,Source_Row,Number,No,No,
MF Facility,Source_System,Text,No,No,
MF Facility,Facility_DODAAC,Text,No,No,
MF Facility,Contract_ID,Text,No,No,
MF Facility,Active_Flag,Boolean,Yes,Yes,
MF EOM Requirement,Requirement_ID,Text,Yes,Yes,
MF EOM Requirement,Document_Code,Text,Yes,No,
MF EOM Requirement,Document_Name,Text,Yes,No,
MF EOM Requirement,Applicable_Model,Choice,Yes,No,Legacy/APF; Food 2.0; MAFFO/MAF; AOR/CDS; All
MF EOM Requirement,Requirement_Scope,Choice,Yes,No,Facility; Installation; Contract
MF EOM Requirement,Scope_Confidence,Choice,Yes,No,Verified; High; Medium; Low; Proposed
MF EOM Requirement,Scope_Basis,Note,No,No,
MF EOM Requirement,Applicable_Facility_Types,Text,No,No,
MF EOM Requirement,Applicable_Period_Month,Number,No,No,
MF EOM Requirement,Routing_Org,Choice,No,No,AFSVC/VMF; NGB/A1X; AFRC/A1S; Installation
MF EOM Requirement,Frequency,Choice,Yes,Yes,Monthly; Quarterly; Semiannual; Annual; Conditional
MF EOM Requirement,Required_Flag,Boolean,Yes,No,
MF EOM Requirement,Due_Day,Number,Yes,No,
MF EOM Requirement,Due_Basis,Choice,Yes,No,CALENDAR; DUTY_DAY
MF EOM Requirement,Final_Due_Day,Number,No,No,
MF EOM Requirement,Final_Due_Basis,Choice,No,No,CALENDAR; DUTY_DAY
MF EOM Requirement,NonDutyDay_Policy,Choice,No,No,NEXT_DUTY_DAY; PREVIOUS_DUTY_DAY; NO_ADJUSTMENT
MF EOM Requirement,QC_Required,Boolean,Yes,No,
MF EOM Requirement,Accepted_File_Types,Text,No,No,
MF EOM Requirement,Authority_Reference,Text,No,No,
MF EOM Requirement,Authority_Status,Choice,Yes,Yes,VERIFIED; MANAGEMENT_RULE; PROPOSED; UNVERIFIED; RETIRED_OR_NOT_APPLICABLE
MF EOM Requirement,Sort_Order,Number,No,No,
MF EOM Requirement,Active_Flag,Boolean,Yes,Yes,
MF EOM Item,EOM_Item_ID,Text,Yes,Yes,
MF EOM Item,EOM_Item_Key,Text,Yes,Yes,
MF EOM Item,Portfolio_ID,Text,Yes,Yes,
MF EOM Item,Installation_ID,Text,Yes,Yes,
MF EOM Item,Facility_ID,Text,No,Yes,
MF EOM Item,Contract_ID,Text,No,No,
MF EOM Item,Reporting_Period,Text,Yes,Yes,
MF EOM Item,Requirement_ID,Text,Yes,Yes,
MF EOM Item,Requirement_Scope,Choice,Yes,No,Facility; Installation; Contract
MF EOM Item,Authority_Status,Choice,Yes,Yes,VERIFIED; MANAGEMENT_RULE; PROPOSED; UNVERIFIED; RETIRED_OR_NOT_APPLICABLE
MF EOM Item,Required_Flag,Boolean,Yes,No,
MF EOM Item,Nominal_Due_Date,DateTime,Yes,No,
MF EOM Item,Effective_Due_Date,DateTime,Yes,Yes,
MF EOM Item,Nominal_Final_Call_Date,DateTime,No,No,
MF EOM Item,Effective_Final_Call_Date,DateTime,No,Yes,
MF EOM Item,Due_Date_Adjusted,Boolean,Yes,No,
MF EOM Item,Initial_Submitted_DateTime,DateTime,No,No,
MF EOM Item,Initial_Submission_On_Time,Boolean,No,No,
MF EOM Item,Acceptable_Evidence_DateTime,DateTime,No,No,
MF EOM Item,Final_Evidence_On_Time,Boolean,No,No,
MF EOM Item,Current_Submission_ID,Text,No,No,
MF EOM Item,Received_Flag,Boolean,Yes,No,
MF EOM Item,Final_Status,Choice,Yes,Yes,NOT_APPLICABLE; NOT_DUE; PENDING_VALIDATION; LATE; OVERDUE; RETURNED; NOT_SATISFIED; RECEIVED_PENDING_QC; ACCEPTED
MF EOM Item,Status_Code,Number,Yes,Yes,
MF EOM Item,Action_Owner,Choice,Yes,No,Facility; Reviewer; Admin; None
MF EOM Item,Action_Required,Boolean,Yes,Yes,
MF EOM Item,Days_Late,Number,No,No,
MF EOM Item,Last_Reconciled_DateTime,DateTime,No,No,
MF EOM Item,Exception_Flag,Boolean,Yes,No,
MF EOM Item,Correction_Due,DateTime,No,No,
MF EOM Item,Waived_Flag,Boolean,No,No,
MF EOM Item,Waiver_Reason,Note,No,No,
MF EOM Submission,Submission_ID,Text,Yes,Yes,
MF EOM Submission,Submission_Request_ID,Text,Yes,Yes,
MF EOM Submission,EOM_Item_ID,Text,Yes,Yes,
MF EOM Submission,Version_No,Number,Yes,No,
MF EOM Submission,File_Name,Text,Yes,No,
MF EOM Submission,File_URL,URL,Yes,No,
MF EOM Submission,File_Size_KB,Number,No,No,
MF EOM Submission,Uploaded_By,User,Yes,No,
MF EOM Submission,Uploaded_DateTime,DateTime,Yes,Yes,
MF EOM Submission,Submitted_On_Behalf_Of,Text,No,No,
MF EOM Submission,Intake_Method,Choice,Yes,No,App upload; Folder drop; Manual classification
MF EOM Submission,Classification_Method,Choice,No,No,Declared at upload; Folder context; Document content; AI Builder; Manual
MF EOM Submission,Classification_Status,Choice,No,Yes,Pending; Classified; Needs Review; Failed
MF EOM Submission,Portfolio_ID,Text,No,Yes,
MF EOM Submission,Classification_Confidence,Choice,No,No,Declared; High; Low; Unresolved
MF EOM Submission,Last_Error_Code,Text,No,No,
MF EOM Submission,Last_Error_Message,Note,No,No,
MF EOM Submission,Last_Processing_DateTime,DateTime,No,No,
MF EOM Submission,Retry_Count,Number,No,No,
MF EOM Submission,Destination_ID,Text,No,Yes,
MF EOM Submission,Source_Library,Text,No,No,
MF EOM Submission,Source_Path,Text,No,No,
MF EOM Submission,Is_Pilot,Boolean,No,Yes,
MF EOM Submission,Needs_Filing,Boolean,No,Yes,
MF EOM Submission,Filing_Note,Text,No,No,
MF EOM Submission,SharePoint_Unique_ID,Text,No,Yes,
MF EOM Submission,SharePoint_File_ID,Text,No,Yes,
MF EOM Submission,Is_Current,Boolean,Yes,Yes,
MF EOM Submission,Superseded_By,Text,No,No,
MF EOM Submission,QC_Status,Choice,Yes,Yes,Pending Review; Accepted; Correction Required; Incomplete; Wrong Document; Wrong Reporting Period; Wrong Facility; Recalled; Not Applicable
MF EOM Submission,QC_By,User,No,No,
MF EOM Submission,QC_DateTime,DateTime,No,No,
MF EOM Submission,QC_Comment,Note,No,No,
MF Unmatched File,Unmatched_ID,Text,Yes,Yes,
MF Unmatched File,File_Name,Text,Yes,No,
MF Unmatched File,File_URL,URL,Yes,No,
MF Unmatched File,Portfolio_ID,Text,No,Yes,
MF Unmatched File,Fiscal_Year,Text,No,No,
MF Unmatched File,Discovered_DateTime,DateTime,Yes,Yes,
MF Unmatched File,Uploaded_By,User,No,No,
MF Unmatched File,Suggested_Installation_ID,Text,No,No,
MF Unmatched File,Suggested_Document_Code,Text,No,No,
MF Unmatched File,Resolution_Status,Choice,Yes,Yes,Needs Classification; Classified; Not an EOM document; Duplicate
MF Unmatched File,Resolved_Submission_ID,Text,No,No,
MF Unmatched File,Resolved_By,User,No,No,
MF Unmatched File,Resolved_DateTime,DateTime,No,No,
MF Security Mapping,Security_ID,Text,Yes,Yes,
MF Security Mapping,UPN,Text,Yes,Yes,
MF Security Mapping,Scope_Type,Choice,Yes,Yes,Enterprise; Portfolio; Installation; Facility
MF Security Mapping,Portfolio_ID,Text,No,Yes,
MF Security Mapping,Installation_ID,Text,No,Yes,
MF Security Mapping,Facility_ID,Text,No,Yes,
MF Security Mapping,Role,Choice,Yes,No,BASE_USER; PORTFOLIO_MANAGER
MF Security Mapping,Job_Title,Text,No,No,
MF Security Mapping,Can_QC,Boolean,Yes,No,
MF Security Mapping,Can_Submit_On_Behalf,Boolean,Yes,No,
MF Security Mapping,Can_Edit_Requirements,Boolean,Yes,No,
MF Security Mapping,Can_Grant_Access,Boolean,Yes,No,
MF Security Mapping,Grant_Scope,Choice,Yes,No,None; Portfolio; Enterprise
MF Security Mapping,Grant_Type,Choice,Yes,No,GAL derived; Requested; Manual
MF Security Mapping,Granted_By,Text,No,No,
MF Security Mapping,Granted_Date,DateTime,No,No,
MF Security Mapping,Expires_Date,DateTime,No,Yes,
MF Security Mapping,Developer_Flag,Boolean,Yes,No,
MF Security Mapping,Tester_Flag,Boolean,Yes,No,
MF Security Mapping,Active_Flag,Boolean,Yes,Yes,
MF EOM Audit,Audit_ID,Text,Yes,Yes,
MF EOM Audit,Entity_Type,Choice,Yes,No,EOM_Item; EOM_Submission; Requirement
MF EOM Audit,Entity_ID,Text,Yes,Yes,
MF EOM Audit,Action,Choice,Yes,Yes,Generated; Uploaded; QC Accepted; QC Correction Required; QC Wrong Document; QC Not Applicable; Waived; Reclassified; Status Recalculated; Notification Suppressed; Notification Sent
MF EOM Audit,Actor_UPN,Text,Yes,No,
MF EOM Audit,Action_DateTime,DateTime,Yes,Yes,
MF EOM Audit,Old_Value,Text,No,No,
MF EOM Audit,New_Value,Text,No,No,
MF EOM Audit,Detail,Note,No,No,
MF App Config,Config_Key,Text,Yes,Yes,
MF App Config,Config_Value,Text,Yes,No,
MF App Config,Config_Type,Choice,Yes,No,String; Boolean; Number; Date
MF App Config,Description,Note,No,No,
MF App Config,Admin_Only,Boolean,Yes,No,
MF App Config,Active_Flag,Boolean,Yes,Yes,
MF Feature Flags,Feature_Key,Text,Yes,Yes,
MF Feature Flags,Feature_Name,Text,Yes,No,
MF Feature Flags,Enabled_Prod,Boolean,Yes,No,
MF Feature Flags,Enabled_Testers,Boolean,Yes,No,
MF Feature Flags,Minimum_Role,Choice,Yes,No,BASE_USER; PORTFOLIO_MANAGER; DEVELOPER
MF Feature Flags,Effective_Date,DateTime,No,No,
MF Feature Flags,Notes,Note,No,No,
MF App Event Log,Event_ID,Text,Yes,Yes,
MF App Event Log,Event_DateTime,DateTime,Yes,Yes,
MF App Event Log,User_UPN,Text,Yes,Yes,
MF App Event Log,Role,Text,No,No,
MF App Event Log,Portfolio_ID,Text,No,No,
MF App Event Log,Installation_ID,Text,No,Yes,
MF App Event Log,Facility_ID,Text,No,No,
MF App Event Log,Event_Type,Choice,Yes,Yes,AppOpened; DocumentDiscovered; SubmissionCreated; VersionSuperseded; ClassificationSucceeded; ClassificationUncertain; ManualClassification; ExpectedItemMatched; QCAccepted; QCCorrectionRequired; QCWrongDocument; ExpectedGenerationFailed; ReconciliationMismatch; FlowFailure; PermissionDenied; MaintenanceModeBlocked
MF App Event Log,Record_ID,Text,No,Yes,
MF App Event Log,Result,Choice,Yes,No,Success; Warning; Failure
MF App Event Log,Error_Code,Text,No,No,
MF App Event Log,Error_Message,Note,No,No,
MF App Event Log,App_Version,Text,Yes,No,
MF EOM Status,Status_ID,Text,Yes,Yes,
MF EOM Status,EOM_Item_ID,Text,Yes,Yes,
MF EOM Status,Reporting_Period,Text,Yes,Yes,
MF EOM Status,Fiscal_Year,Text,Yes,No,
MF EOM Status,Portfolio_ID,Text,Yes,Yes,
MF EOM Status,Installation_ID,Text,Yes,Yes,
MF EOM Status,Installation_Name,Text,Yes,No,
MF EOM Status,Facility_ID,Text,No,Yes,
MF EOM Status,Facility_Name,Text,No,No,
MF EOM Status,Operating_Model,Text,No,No,
MF EOM Status,Contract_ID,Text,No,No,
MF EOM Status,Requirement_ID,Text,Yes,No,
MF EOM Status,Requirement_Name,Text,Yes,No,
MF EOM Status,Document_Code,Text,Yes,No,
MF EOM Status,Requirement_Scope,Text,Yes,No,
MF EOM Status,Authority_Status,Text,Yes,No,
MF EOM Status,Scope_Confidence,Text,No,No,
MF EOM Status,Routing_Org,Text,No,No,
MF EOM Status,Component,Text,No,No,
MF EOM Status,Required_Flag,Boolean,Yes,No,
MF EOM Status,Nominal_Due_Date,DateTime,Yes,No,
MF EOM Status,Effective_Due_Date,DateTime,Yes,No,
MF EOM Status,Nominal_Final_Call_Date,DateTime,No,No,
MF EOM Status,Effective_Final_Call_Date,DateTime,No,No,
MF EOM Status,Due_Date_Adjusted,Boolean,No,No,
MF EOM Status,Received_Flag,Boolean,Yes,No,
MF EOM Status,Initial_Submitted_DateTime,DateTime,No,No,
MF EOM Status,Initial_Submission_On_Time,Boolean,No,No,
MF EOM Status,Final_Evidence_On_Time,Boolean,No,No,
MF EOM Status,Version_No,Number,No,No,
MF EOM Status,QC_Status,Text,No,No,
MF EOM Status,Final_Status,Text,Yes,Yes,
MF EOM Status,Status_Code,Number,Yes,Yes,
MF EOM Status,Action_Owner,Text,Yes,No,
MF EOM Status,Action_Required,Boolean,Yes,No,
MF EOM Status,Package_State,Text,Yes,No,
MF EOM Status,Days_Late,Number,No,No,
MF EOM Status,Current_File_URL,URL,No,No,
MF EOM Status,Generated_DateTime,DateTime,Yes,No,
MF Non Duty Day,Non_Duty_ID,Text,Yes,Yes,
MF Non Duty Day,Date,DateTime,Yes,Yes,
MF Non Duty Day,Name,Text,Yes,No,
MF Non Duty Day,Scope_Type,Choice,Yes,No,Enterprise; Portfolio; Installation
MF Non Duty Day,Scope_ID,Text,No,Yes,
MF Non Duty Day,Active_Flag,Boolean,Yes,Yes,
MF Calendar Event,Event_ID,Text,Yes,Yes,
MF Calendar Event,Event_Type,Choice,Yes,No,Suspense; Correction due; Assessment; Data call; Reminder
MF Calendar Event,Title,Text,Yes,No,
MF Calendar Event,Event_Date,DateTime,Yes,Yes,
MF Calendar Event,End_Date,DateTime,No,No,
MF Calendar Event,All_Day,Boolean,Yes,No,
MF Calendar Event,Scope_Type,Choice,Yes,No,Enterprise; Portfolio; Installation; Facility
MF Calendar Event,Scope_ID,Text,No,Yes,
MF Calendar Event,Linked_Item_ID,Text,No,No,
MF Calendar Event,Status_Code,Number,Yes,No,
MF Calendar Event,Created_By,User,Yes,No,
MF Calendar Event,Created_DateTime,DateTime,Yes,No,
MF Calendar Event,Active_Flag,Boolean,Yes,Yes,
MF Access Request,Request_ID,Text,Yes,Yes,
MF Access Request,Requester_UPN,Text,Yes,Yes,
MF Access Request,Requester_Name,Text,Yes,No,
MF Access Request,Home_Installation,Text,No,No,
MF Access Request,Requested_Installation_ID,Text,Yes,Yes,
MF Access Request,Justification,Note,Yes,No,
MF Access Request,Requested_Until,DateTime,No,No,
MF Access Request,Status,Choice,Yes,Yes,Pending; Approved; Denied; Expired
MF Access Request,Decided_By,Text,No,No,
MF Access Request,Decided_Date,DateTime,No,No,
MF Access Request,Decision_Comment,Note,No,No,
MF Notification Rule,Rule_ID,Text,Yes,Yes,
MF Notification Rule,Trigger_Event,Choice,Yes,Yes,SubmissionCreated; StatusChanged; DueSoon; FirstSuspensePassed; FinalSuspensePassed; CorrectionSuspensePassed; PendingReviewAging; AccessRequested
MF Notification Rule,Recipient_Type,Choice,Yes,No,Submitter; Portfolio org box; Installation POC; Reviewer; Portfolio Manager; AFSVC
MF Notification Rule,Recipient_Address,Text,No,No,
MF Notification Rule,Enabled,Boolean,Yes,Yes,
MF Notification Rule,Digest,Boolean,Yes,No,
MF Notification Rule,Cadence_Days,Number,No,No,
MF Notification Rule,Subject_Template,Text,No,No,
MF Notification Rule,Notes,Note,No,No,
MF Document Destination,Destination_ID,Text,Yes,Yes,
MF Document Destination,Portfolio_ID,Text,Yes,Yes,
MF Document Destination,Document_Domain,Choice,Yes,Yes,EOM; EOY; FMAT; Other
MF Document Destination,Site_URL,Text,No,No,
MF Document Destination,Library_Name,Text,Yes,No,
MF Document Destination,Library_Url_Segment,Text,Yes,No,
MF Document Destination,Root_Folder,Text,Yes,No,
MF Document Destination,Folder_Template,Text,Yes,No,
MF Document Destination,Create_Missing_Folders,Boolean,Yes,No,
MF Document Destination,Fallback_Policy,Choice,Yes,No,FIND_OR_ROOT; FIND_OR_FAIL
MF Document Destination,Month_Folder_Pattern_Note,Text,No,No,
MF Document Destination,Site_Note,Text,No,No,
MF Document Destination,Verified_By,Text,No,No,
MF Document Destination,Verified_Date,DateTime,No,No,
MF Document Destination,Active_Flag,Boolean,Yes,No,
